dt,atm_id,predicted_withdrawn_kwd,predicted_withdraw_count
2025-10-28,ATM_0004,1219.1343,41.26454
2025-10-28,ATM_0005,1177.0476,40.565315
2025-10-28,ATM_0006,1070.4989,34.855804
2025-10-28,ATM_0007,1057.0858,37.251926
2025-10-28,ATM_0009,1130.6011,44.30536
2025-10-28,ATM_0010,1338.3954,45.833115
2025-10-28,ATM_0011,853.438,30.64072
2025-10-28,ATM_0014,1427.8,48.835052
2025-10-28,ATM_0015,863.95844,30.447378
2025-10-28,ATM_0016,830.75104,29.456621
2025-10-28,ATM_0018,983.2961,34.780476
2025-10-28,ATM_0019,1775.7363,50.00844
2025-10-28,ATM_0020,1052.2338,36.855515
2025-10-28,ATM_0021,854.0967,32.85687
2025-10-28,ATM_0023,1067.5931,42.019855
2025-10-28,ATM_0025,600.9639,24.717142
2025-10-28,ATM_0027,1381.4456,47.82011
2025-10-28,ATM_0028,1293.1339,43.967045
2025-10-28,ATM_0029,784.45905,27.36928
2025-10-28,ATM_0031,1052.0675,41.705494
2025-10-28,ATM_0032,936.2463,29.605429
2025-10-28,ATM_0033,903.5007,32.19238
2025-10-28,ATM_0035,1427.501,48.581043
2025-10-28,ATM_0036,1062.768,42.304752
2025-10-28,ATM_0037,603.3692,20.410908
2025-10-28,ATM_0038,1455.7347,40.088413
2025-10-28,ATM_0040,579.50824,18.605068
2025-10-28,ATM_0041,1411.3951,40.242226
2025-10-28,ATM_0042,1276.9119,43.2726
2025-10-28,ATM_0043,1456.451,48.52413
2025-10-28,ATM_0045,1085.595,39.35672
2025-10-28,ATM_0046,1363.9857,46.776344
2025-10-28,ATM_0047,573.69275,18.302721
2025-10-28,ATM_0048,841.01587,26.612288
2025-10-28,ATM_0049,1377.8293,37.537933
2025-10-28,ATM_0050,1573.7933,51.206142
2025-10-28,ATM_0051,603.7319,25.798325
2025-10-28,ATM_0052,801.2317,23.929667
2025-10-28,ATM_0054,740.2404,26.423954
2025-10-28,ATM_0056,830.14087,29.096272
2025-10-28,ATM_0058,1573.2543,46.31777
2025-10-28,ATM_0059,1092.1597,38.190407
2025-10-28,ATM_0061,579.6638,23.073383
2025-10-28,ATM_0062,1215.9425,34.10183
2025-10-28,ATM_0063,1070.3768,42.543068
2025-10-28,ATM_0064,1415.71,40.391308
2025-10-28,ATM_0065,1153.3298,37.92381
2025-10-28,ATM_0066,576.601,21.778423
2025-10-28,ATM_0067,771.17664,24.514036
2025-10-28,ATM_0068,884.4269,30.861113
2025-10-28,ATM_0069,1039.9756,37.038296
2025-10-28,ATM_0070,1257.0841,37.470276
2025-10-28,ATM_0075,778.08795,28.043644
2025-10-28,ATM_0076,899.11725,31.682117
2025-10-28,ATM_0077,1180.9785,42.285263
2025-10-28,ATM_0078,700.3912,22.488537
2025-10-28,ATM_0080,1183.1526,41.079605
2025-10-28,ATM_0081,564.11676,23.46185
2025-10-28,ATM_0082,892.7447,33.19193
2025-10-28,ATM_0083,726.04877,27.021233
2025-10-28,ATM_0084,915.43823,28.635092
2025-10-28,ATM_0086,697.70703,22.89989
2025-10-28,ATM_0087,971.0993,34.484047
2025-10-28,ATM_0088,763.709,30.03987
2025-10-28,ATM_0089,929.1237,26.605272
2025-10-28,ATM_0090,480.102,21.377123
2025-10-28,ATM_0091,888.95685,30.645247
2025-10-28,ATM_0092,1125.3087,28.204802
2025-10-28,ATM_0093,750.66455,26.939266
2025-10-28,ATM_0095,1195.9473,38.82844
2025-10-28,ATM_0096,1093.2727,33.900127
2025-10-28,ATM_0097,1748.0939,58.44052
2025-10-28,ATM_0098,1272.8442,43.02942
2025-10-28,ATM_0099,1723.4368,54.43653
2025-10-28,ATM_0100,1233.2731,34.408623
2025-10-28,ATM_0100,1249.8993,35.134586
2025-10-28,ATM_0101,758.37115,31.181229
2025-10-28,ATM_0102,1061.8842,31.56196
2025-10-28,ATM_0103,893.09766,32.81383
2025-10-28,ATM_0104,1473.314,48.40562
2025-10-28,ATM_0105,713.2045,26.2122
2025-10-28,ATM_0106,841.72925,32.084824
2025-10-28,ATM_0108,1838.0634,51.219814
2025-10-28,ATM_0109,1174.9655,40.4324
2025-10-28,ATM_0110,974.19366,38.91741
2025-10-28,ATM_0111,988.80945,36.50747
2025-10-28,ATM_0112,1043.5796,36.683144
2025-10-28,ATM_0113,1253.9607,44.069817
2025-10-28,ATM_0114,1144.6265,31.815056
2025-10-28,ATM_0115,1020.60486,39.028652
2025-10-28,ATM_0116,1402.1898,44.705284
2025-10-28,ATM_0118,785.84045,25.212585
2025-10-28,ATM_0119,534.07086,22.256413
2025-10-28,ATM_0120,791.141,28.317589
2025-10-28,ATM_0121,1308.7765,44.38043
2025-10-28,ATM_0122,1636.0997,47.149097
2025-10-28,ATM_0123,908.6516,25.868397
2025-10-28,ATM_0124,1534.1185,53.3162
2025-10-28,ATM_0125,1243.2662,46.85048
2025-10-28,ATM_0128,1281.404,43.6029
2025-10-28,ATM_0129,1368.5175,37.216637
2025-10-28,ATM_0130,1001.41724,29.758116
2025-10-28,ATM_0131,948.7944,33.608593
2025-10-28,ATM_0132,902.62555,27.317577
2025-10-28,ATM_0133,998.8547,37.465084
2025-10-28,ATM_0134,790.17834,23.935093
2025-10-28,ATM_0135,801.5523,31.904633
2025-10-28,ATM_0136,714.6704,29.967606
2025-10-28,ATM_0137,1060.2322,38.660465
2025-10-28,ATM_0138,778.16003,29.773983
2025-10-28,ATM_0139,986.4622,34.25508
2025-10-28,ATM_0140,931.9626,34.960617
2025-10-28,ATM_0141,587.94574,23.973932
2025-10-28,ATM_0143,1145.2177,34.408493
2025-10-28,ATM_0144,573.23615,21.58261
2025-10-28,ATM_0145,1114.1702,39.815517
2025-10-28,ATM_0147,843.8464,34.67798
2025-10-28,ATM_0149,872.57043,31.448727
2025-10-28,ATM_0150,1350.0048,42.408825
2025-10-28,ATM_0151,1124.3231,37.07674
2025-10-28,ATM_0151,1156.493,38.945194
2025-10-28,ATM_0153,652.9593,26.202568
2025-10-28,ATM_0155,920.08997,32.021214
2025-10-28,ATM_0156,1158.4215,37.985523
2025-10-28,ATM_0157,1098.0123,42.26628
2025-10-28,ATM_0158,810.9313,26.462925
2025-10-28,ATM_0159,1048.0786,30.620682
2025-10-28,ATM_0160,1084.7812,32.686703
2025-10-28,ATM_0161,1044.3455,35.82265
2025-10-28,ATM_0162,1411.1204,45.903614
2025-10-28,ATM_0163,1161.4596,41.597996
2025-10-28,ATM_0164,1084.6611,33.41668
2025-10-28,ATM_0166,1187.5741,43.629047
2025-10-28,ATM_0168,1460.2122,42.786415
2025-10-28,ATM_0169,1021.7727,37.89426
2025-10-28,ATM_0170,873.8176,22.344559
2025-10-28,ATM_0172,1225.9802,38.37139
2025-10-28,ATM_0173,1081.8713,37.5467
2025-10-28,ATM_0174,737.1559,27.524532
2025-10-28,ATM_0175,1345.3488,41.336155
2025-10-28,ATM_0176,896.12634,29.932436
2025-10-28,ATM_0177,1212.9282,37.269775
2025-10-28,ATM_0178,1300.996,39.114433
2025-10-28,ATM_0179,1086.8448,27.941141
2025-10-28,ATM_0180,1026.7432,41.92038
2025-10-28,ATM_0182,1479.296,45.894924
2025-10-28,ATM_0183,1461.967,48.787582
2025-10-28,ATM_0184,793.281,28.830963
2025-10-28,ATM_0185,1118.7723,27.35061
2025-10-28,ATM_0186,1083.6615,35.359413
2025-10-28,ATM_0187,1000.7311,33.12665
2025-10-28,ATM_0188,1216.955,36.122864
2025-10-28,ATM_0189,755.62024,28.376005
2025-10-28,ATM_0190,1576.2756,42.274223
2025-10-28,ATM_0191,1191.974,41.211
2025-10-28,ATM_0192,1194.4791,33.203213
2025-10-28,ATM_0193,993.40393,38.33203
2025-10-28,ATM_0194,1006.2777,35.57903
2025-10-28,ATM_0196,1211.5334,40.52152
2025-10-28,ATM_0197,1695.044,54.50252
2025-10-28,ATM_0198,970.7582,33.42743
2025-10-28,ATM_0200,789.5516,22.688862
2025-10-28,ATM_0202,852.4013,27.39716
2025-10-28,ATM_0203,1351.922,39.11385
2025-10-28,ATM_0206,1055.6644,37.173454
2025-10-28,ATM_0207,905.7043,34.039997
2025-10-28,ATM_0208,800.2343,21.102985
2025-10-28,ATM_0209,819.15094,21.819092
2025-10-28,ATM_0210,733.2291,24.901178
2025-10-28,ATM_0211,808.62823,31.76149
2025-10-28,ATM_0212,1011.6846,33.879616
2025-10-28,ATM_0214,1624.9197,52.588524
2025-10-28,ATM_0215,1194.6216,44.8204
2025-10-28,ATM_0216,871.838,34.901516
2025-10-28,ATM_0217,677.42694,27.653364
2025-10-28,ATM_0218,1358.3121,46.096733
2025-10-28,ATM_0219,1127.8062,31.59348
2025-10-28,ATM_0220,806.5889,28.582111
2025-10-28,ATM_0221,750.005,26.671232
2025-10-28,ATM_0222,767.40186,32.82446
2025-10-28,ATM_0223,1182.3573,43.361626
2025-10-28,ATM_0224,635.5226,20.180466
2025-10-28,ATM_0225,1179.2275,39.08088
2025-10-28,ATM_0226,897.04315,35.878277
2025-10-28,ATM_0227,1284.7435,46.400795
2025-10-28,ATM_0228,1031.951,35.074837
2025-10-28,ATM_0230,1745.1405,58.258385
2025-10-28,ATM_0231,954.073,29.574017
2025-10-28,ATM_0233,1228.3779,37.368675
2025-10-28,ATM_0234,1304.3467,45.813255
2025-10-28,ATM_0235,691.13275,22.217644
2025-10-28,ATM_0236,1122.8179,33.871407
2025-10-28,ATM_0238,1527.0986,50.72384
2025-10-28,ATM_0239,1266.6353,39.955124
2025-10-28,ATM_0240,1450.7863,45.413704
2025-10-28,ATM_0241,1419.068,48.827675
2025-10-28,ATM_0241,1424.3126,51.04148
2025-10-28,ATM_0243,1392.9321,38.28995
2025-10-28,ATM_0244,1062.3906,37.142452
2025-10-28,ATM_0245,858.35547,26.182741
2025-10-28,ATM_0246,916.986,31.590574
2025-10-28,ATM_0247,1002.58276,29.900726
2025-10-28,ATM_0248,1081.0444,37.680668
2025-10-28,ATM_0250,1320.3522,47.311394
2025-10-28,ATM_NEW_0,1103.8295,38.486954
2025-10-28,ATM_NEW_1,975.159,32.651585
2025-10-28,ATM_NEW_2,957.6771,34.414665
2025-10-28,ATM_NEW_3,998.7989,37.984566
2025-10-28,ATM_NEW_4,1187.3073,42.308853
2025-10-29,ATM_0004,1765.7648,53.36526
2025-10-29,ATM_0005,1429.475,49.00811
2025-10-29,ATM_0006,1225.093,38.536213
2025-10-29,ATM_0007,1273.086,44.00258
2025-10-29,ATM_0009,1481.9934,53.128838
2025-10-29,ATM_0010,1325.2424,45.588818
2025-10-29,ATM_0011,741.7466,27.105932
2025-10-29,ATM_0014,974.1104,36.700108
2025-10-29,ATM_0015,842.35754,29.492586
2025-10-29,ATM_0016,737.3361,26.979328
2025-10-29,ATM_0020,631.6005,24.13563
2025-10-29,ATM_0021,1431.2516,48.861946
2025-10-29,ATM_0022,1280.8116,38.943718
2025-10-29,ATM_0023,887.34235,36.770897
2025-10-29,ATM_0025,569.87366,22.685806
2025-10-29,ATM_0027,1000.4861,38.503685
2025-10-29,ATM_0028,1306.5326,46.495674
2025-10-29,ATM_0029,1555.8591,44.190983
2025-10-29,ATM_0031,1216.5027,46.628834
2025-10-29,ATM_0032,851.25775,27.768192
2025-10-29,ATM_0033,941.581,33.233837
2025-10-29,ATM_0034,1166.0867,39.988426
2025-10-29,ATM_0035,1701.639,54.52825
2025-10-29,ATM_0036,1149.9744,42.822025
2025-10-29,ATM_0037,827.99084,26.410246
2025-10-29,ATM_0038,1275.5392,38.084705
2025-10-29,ATM_0039,1201.8995,35.001167
2025-10-29,ATM_0040,829.1079,25.224976
2025-10-29,ATM_0041,924.2856,29.234459
2025-10-29,ATM_0042,1122.9867,39.510956
2025-10-29,ATM_0043,820.3618,32.005127
2025-10-29,ATM_0045,1116.5065,39.836037
2025-10-29,ATM_0046,1253.5844,44.8064
2025-10-29,ATM_0047,723.14795,21.344772
2025-10-29,ATM_0048,920.29596,28.890438
2025-10-29,ATM_0049,880.5103,27.209343
2025-10-29,ATM_0051,723.0765,28.318575
2025-10-29,ATM_0052,948.71515,27.157242
2025-10-29,ATM_0054,668.9257,24.04527
2025-10-29,ATM_0055,1210.4729,36.447235
2025-10-29,ATM_0056,863.0862,30.554153
2025-10-29,ATM_0058,1688.3834,50.140194
2025-10-29,ATM_0059,1323.7943,46.83777
2025-10-29,ATM_0061,1077.5637,36.93531
2025-10-29,ATM_0062,1348.9802,38.437626
2025-10-29,ATM_0063,1057.543,42.409084
2025-10-29,ATM_0064,1102.9417,33.770893
2025-10-29,ATM_0065,907.6589,32.440636
2025-10-29,ATM_0066,1074.7988,36.13561
2025-10-29,ATM_0067,794.7435,24.86427
2025-10-29,ATM_0068,604.15906,23.936907
2025-10-29,ATM_0069,1494.6833,50.267242
2025-10-29,ATM_0074,907.967,32.249557
2025-10-29,ATM_0075,843.4605,30.84136
2025-10-29,ATM_0076,774.63513,28.641819
2025-10-29,ATM_0077,1534.7006,51.38418
2025-10-29,ATM_0078,1118.649,31.720306
2025-10-29,ATM_0080,1105.0714,38.79342
2025-10-29,ATM_0081,642.09955,25.484087
2025-10-29,ATM_0082,1244.077,42.44298
2025-10-29,ATM_0083,655.9782,23.704742
2025-10-29,ATM_0084,917.1108,28.724188
2025-10-29,ATM_0085,842.557,29.661345
2025-10-29,ATM_0086,765.651,23.894041
2025-10-29,ATM_0089,367.5451,15.197436
2025-10-29,ATM_0090,804.5882,30.405495
2025-10-29,ATM_0091,806.9953,29.30212
2025-10-29,ATM_0092,1070.4197,27.005863
2025-10-29,ATM_0093,665.13416,25.120802
2025-10-29,ATM_0095,1227.6161,42.12968
2025-10-29,ATM_0096,1117.7504,33.460953
2025-10-29,ATM_0097,1672.6648,54.328625
2025-10-29,ATM_0098,989.3769,34.91041
2025-10-29,ATM_0099,1147.8518,41.437923
2025-10-29,ATM_0100,681.7246,21.973858
2025-10-29,ATM_0102,754.27606,24.611183
2025-10-29,ATM_0103,701.9699,26.523485
2025-10-29,ATM_0104,1003.4019,36.45177
2025-10-29,ATM_0105,1176.5708,38.712223
2025-10-29,ATM_0106,1025.5878,36.144596
2025-10-29,ATM_0108,1304.5845,41.296
2025-10-29,ATM_0109,1335.2236,44.953983
2025-10-29,ATM_0110,1020.14996,37.87195
2025-10-29,ATM_0111,974.0965,34.7877
2025-10-29,ATM_0112,1272.6389,41.974094
2025-10-29,ATM_0113,1343.8857,46.27103
2025-10-29,ATM_0114,547.5676,18.095144
2025-10-29,ATM_0115,1159.6838,44.34597
2025-10-29,ATM_0116,986.32007,34.50612
2025-10-29,ATM_0118,634.8585,20.426483
2025-10-29,ATM_0119,778.69415,30.6402
2025-10-29,ATM_0120,1077.0753,34.512527
2025-10-29,ATM_0121,1371.0522,46.11843
2025-10-29,ATM_0122,1526.9404,45.35956
2025-10-29,ATM_0123,643.58026,20.107225
2025-10-29,ATM_0124,800.9043,32.60844
2025-10-29,ATM_0125,916.94836,37.076267
2025-10-29,ATM_0126,1757.8818,57.0172
2025-10-29,ATM_0128,982.8855,34.61565
2025-10-29,ATM_0129,1321.1243,38.870285
2025-10-29,ATM_0130,1193.4176,33.328674
2025-10-29,ATM_0131,843.67395,30.124846
2025-10-29,ATM_0132,1036.2258,30.23031
2025-10-29,ATM_0133,778.73834,32.08757
2025-10-29,ATM_0135,822.40094,33.031578
2025-10-29,ATM_0136,977.43317,36.220146
2025-10-29,ATM_0137,1112.6036,39.553146
2025-10-29,ATM_0138,574.9654,23.898771
2025-10-29,ATM_0139,1191.2206,39.188835
2025-10-29,ATM_0140,1118.963,40.5606
2025-10-29,ATM_0141,788.2853,30.486279
2025-10-29,ATM_0142,1479.8269,45.511097
2025-10-29,ATM_0143,991.7561,31.21618
2025-10-29,ATM_0144,640.68134,23.151136
2025-10-29,ATM_0145,763.8443,30.334637
2025-10-29,ATM_0147,891.9013,35.891247
2025-10-29,ATM_0149,856.8771,30.260405
2025-10-29,ATM_0150,1077.3606,37.131977
2025-10-29,ATM_0151,844.9658,30.440346
2025-10-29,ATM_0154,873.3443,30.7062
2025-10-29,ATM_0155,1032.6635,35.25425
2025-10-29,ATM_0156,751.37134,27.474014
2025-10-29,ATM_0157,1151.471,45.215805
2025-10-29,ATM_0158,625.8054,20.941265
2025-10-29,ATM_0159,881.02875,25.937162
2025-10-29,ATM_0160,999.89075,30.758963
2025-10-29,ATM_0161,904.65515,32.279274
2025-10-29,ATM_0162,1239.5198,42.937954
2025-10-29,ATM_0163,1082.1316,39.073444
2025-10-29,ATM_0164,960.60675,30.206038
2025-10-29,ATM_0166,760.0005,32.358337
2025-10-29,ATM_0168,1702.9004,46.177074
2025-10-29,ATM_0170,596.8664,17.406893
2025-10-29,ATM_0172,1519.9854,47.185284
2025-10-29,ATM_0173,877.9521,31.72757
2025-10-29,ATM_0174,1298.9897,42.704403
2025-10-29,ATM_0175,1169.5884,38.42312
2025-10-29,ATM_0176,1699.8336,47.257713
2025-10-29,ATM_0177,1356.6299,40.098484
2025-10-29,ATM_0178,1168.0829,35.713844
2025-10-29,ATM_0179,797.5369,22.990337
2025-10-29,ATM_0180,1130.0697,44.660007
2025-10-29,ATM_0182,774.5582,28.970648
2025-10-29,ATM_0183,1040.002,36.780155
2025-10-29,ATM_0184,1371.6654,44.788883
2025-10-29,ATM_0185,687.51746,19.099636
2025-10-29,ATM_0186,553.5975,20.83234
2025-10-29,ATM_0187,692.5997,25.197952
2025-10-29,ATM_0188,909.9543,29.521294
2025-10-29,ATM_0189,973.41693,35.915443
2025-10-29,ATM_0190,1114.1718,34.748165
2025-10-29,ATM_0191,1235.2545,42.83512
2025-10-29,ATM_0192,608.8187,19.18824
2025-10-29,ATM_0193,1397.7567,50.307217
2025-10-29,ATM_0194,949.60266,33.328617
2025-10-29,ATM_0196,1130.5957,37.946774
2025-10-29,ATM_0197,1644.3121,54.59727
2025-10-29,ATM_0198,911.30096,32.10353
2025-10-29,ATM_0199,949.4858,30.413275
2025-10-29,ATM_0200,536.8491,17.307974
2025-10-29,ATM_0202,976.3523,30.005579
2025-10-29,ATM_0203,796.81647,27.107687
2025-10-29,ATM_0206,946.867,34.1639
2025-10-29,ATM_0207,796.47797,30.573645
2025-10-29,ATM_0208,500.51105,14.550272
2025-10-29,ATM_0209,482.43958,14.47454
2025-10-29,ATM_0210,935.1377,30.57253
2025-10-29,ATM_0211,610.54175,25.739748
2025-10-29,ATM_0212,553.0115,21.18822
2025-10-29,ATM_0213,1287.1798,46.951824
2025-10-29,ATM_0214,1081.0057,40.15919
2025-10-29,ATM_0215,873.2988,35.568863
2025-10-29,ATM_0216,980.048,37.14114
2025-10-29,ATM_0217,809.1805,32.645535
2025-10-29,ATM_0218,1163.0332,40.549652
2025-10-29,ATM_0219,798.17957,24.032179
2025-10-29,ATM_0220,429.67136,16.839369
2025-10-29,ATM_0221,704.8498,25.03366
2025-10-29,ATM_0222,1326.2451,49.58326
2025-10-29,ATM_0223,984.02905,40.268932
2025-10-29,ATM_0223,987.7556,42.656666
2025-10-29,ATM_0224,619.19543,19.869596
2025-10-29,ATM_0226,742.05725,31.433167
2025-10-29,ATM_0227,1416.0735,49.57524
2025-10-29,ATM_0228,723.2526,25.789528
2025-10-29,ATM_0230,1513.7391,53.916225
2025-10-29,ATM_0231,1110.6703,33.022396
2025-10-29,ATM_0233,1255.732,38.14268
2025-10-29,ATM_0234,1189.9183,40.955997
2025-10-29,ATM_0235,434.6499,15.937446
2025-10-29,ATM_0236,867.9026,28.163797
2025-10-29,ATM_0238,981.89984,37.96364
2025-10-29,ATM_0239,1401.2754,44.346336
2025-10-29,ATM_0240,1125.9153,39.24535
2025-10-29,ATM_0241,1048.7957,38.268074
2025-10-29,ATM_0243,1325.3948,39.688675
2025-10-29,ATM_0244,1416.7689,43.0299
2025-10-29,ATM_0245,666.9822,22.271822
2025-10-29,ATM_0246,731.1203,25.86442
2025-10-29,ATM_0247,1066.6915,31.451397
2025-10-29,ATM_0248,1305.8843,40.442932
2025-10-29,ATM_0250,1961.1736,59.28518
2025-10-29,ATM_NEW_0,719.3311,26.928404
2025-10-29,ATM_NEW_1,894.7632,30.859798
2025-10-29,ATM_NEW_2,948.4512,34.326675
2025-10-29,ATM_NEW_3,948.0614,36.829117
2025-10-29,ATM_NEW_4,1354.8864,45.69032
2025-10-30,ATM_0004,1121.9769,40.516747
2025-10-30,ATM_0006,743.1582,27.086391
2025-10-30,ATM_0007,1192.8304,41.440006
2025-10-30,ATM_0009,821.0075,34.006172
2025-10-30,ATM_0010,1270.8838,43.24833
2025-10-30,ATM_0013,617.76544,23.413496
2025-10-30,ATM_0014,1216.4486,43.273663
2025-10-30,ATM_0015,428.5577,18.186304
2025-10-30,ATM_0016,1006.5525,33.94085
2025-10-30,ATM_0018,1033.0402,35.470387
2025-10-30,ATM_0019,1326.1672,40.375965
2025-10-30,ATM_0020,478.02505,20.452003
2025-10-30,ATM_0021,952.00946,36.436043
2025-10-30,ATM_0022,959.0985,31.39102
2025-10-30,ATM_0023,696.97876,29.345572
2025-10-30,ATM_0025,457.8567,20.312067
2025-10-30,ATM_0027,1262.8491,44.646988
2025-10-30,ATM_0028,1559.2488,49.88662
2025-10-30,ATM_0029,1182.3849,35.121304
2025-10-30,ATM_0031,1274.9604,47.112984
2025-10-30,ATM_0032,867.4436,28.225399
2025-10-30,ATM_0033,1001.869,34.48001
2025-10-30,ATM_0034,1099.8544,38.587006
2025-10-30,ATM_0035,1311.2927,44.735325
2025-10-30,ATM_0036,934.92255,37.991566
2025-10-30,ATM_0037,913.6213,28.312452
2025-10-30,ATM_0038,1403.5247,41.019104
2025-10-30,ATM_0039,688.64417,22.34546
2025-10-30,ATM_0040,1031.7344,29.807861
2025-10-30,ATM_0041,1066.7532,33.6087
2025-10-30,ATM_0042,1333.3651,46.055965
2025-10-30,ATM_0043,979.0333,36.184772
2025-10-30,ATM_0045,1332.2463,46.24862
2025-10-30,ATM_0046,1093.2836,40.245667
2025-10-30,ATM_0047,901.6717,26.068659
2025-10-30,ATM_0048,678.5831,22.186644
2025-10-30,ATM_0049,695.60956,23.343307
2025-10-30,ATM_0050,1350.1323,46.49292
2025-10-30,ATM_0051,1105.3715,39.609814
2025-10-30,ATM_0052,650.3153,20.703182
2025-10-30,ATM_0054,868.0488,28.887346
2025-10-30,ATM_0055,873.5778,29.648758
2025-10-30,ATM_0056,737.81757,26.89233
2025-10-30,ATM_0058,1117.8661,37.072037
2025-10-30,ATM_0059,1110.4954,39.10692
2025-10-30,ATM_0060,1368.6083,46.023376
2025-10-30,ATM_0061,1091.4641,36.080765
2025-10-30,ATM_0062,904.656,27.63197
2025-10-30,ATM_0064,999.0049,31.939327
2025-10-30,ATM_0065,798.3545,28.786383
2025-10-30,ATM_0066,1028.4917,33.859245
2025-10-30,ATM_0067,821.45844,25.607935
2025-10-30,ATM_0068,793.93536,28.203236
2025-10-30,ATM_0069,895.0396,34.059734
2025-10-30,ATM_0070,1180.0742,37.523273
2025-10-30,ATM_0074,618.0978,24.00058
2025-10-30,ATM_0075,700.1374,25.74733
2025-10-30,ATM_0076,918.5233,33.947105
2025-10-30,ATM_0077,1032.4452,37.870308
2025-10-30,ATM_0078,1021.81226,29.33977
2025-10-30,ATM_0080,962.89526,35.86986
2025-10-30,ATM_0081,762.75494,28.58374
2025-10-30,ATM_0082,720.20166,27.162754
2025-10-30,ATM_0083,679.8066,25.501438
2025-10-30,ATM_0084,1046.57,30.929893
2025-10-30,ATM_0085,520.56433,20.711948
2025-10-30,ATM_0086,836.21954,26.049725
2025-10-30,ATM_0087,1503.3717,46.384254
2025-10-30,ATM_0088,687.00446,27.24782
2025-10-30,ATM_0089,670.5172,21.858881
2025-10-30,ATM_0090,540.00446,21.775555
2025-10-30,ATM_0091,812.3022,29.06086
2025-10-30,ATM_0092,854.179,22.328468
2025-10-30,ATM_0093,967.5505,32.440475
2025-10-30,ATM_0095,969.98975,34.403862
2025-10-30,ATM_0096,760.98926,26.530481
2025-10-30,ATM_0097,1431.611,50.83208
2025-10-30,ATM_0098,1273.6864,43.878662
2025-10-30,ATM_0099,1444.0496,48.729263
2025-10-30,ATM_0100,966.9872,28.558882
2025-10-30,ATM_0101,891.0259,35.767067
2025-10-30,ATM_0102,948.9371,29.291113
2025-10-30,ATM_0103,938.4248,34.14743
2025-10-30,ATM_0104,1549.3859,49.37922
2025-10-30,ATM_0105,946.0249,33.5324
2025-10-30,ATM_0106,701.8261,27.906311
2025-10-30,ATM_0108,1780.2458,49.346237
2025-10-30,ATM_0109,930.9186,34.628704
2025-10-30,ATM_0110,696.81506,28.734621
2025-10-30,ATM_0111,957.4486,35.688564
2025-10-30,ATM_0112,962.77167,34.897118
2025-10-30,ATM_0113,1000.6112,37.223637
2025-10-30,ATM_0114,692.47266,21.84892
2025-10-30,ATM_0115,933.31995,37.26838
2025-10-30,ATM_0116,958.30817,34.66363
2025-10-30,ATM_0118,783.4148,24.66615
2025-10-30,ATM_0119,596.8632,23.884386
2025-10-30,ATM_0120,686.6257,25.341782
2025-10-30,ATM_0121,943.84625,35.698837
2025-10-30,ATM_0122,1117.761,34.174236
2025-10-30,ATM_0124,1232.4447,46.45446
2025-10-30,ATM_0125,933.5989,37.796803
2025-10-30,ATM_0126,1198.1987,44.600563
2025-10-30,ATM_0128,1272.636,43.16902
2025-10-30,ATM_0129,1252.1835,35.690857
2025-10-30,ATM_0130,1105.2565,33.381027
2025-10-30,ATM_0131,1008.4602,34.106785
2025-10-30,ATM_0133,966.09174,36.360832
2025-10-30,ATM_0134,439.22208,15.238752
2025-10-30,ATM_0135,652.54095,26.436838
2025-10-30,ATM_0136,924.8417,36.235054
2025-10-30,ATM_0137,1096.5021,38.900238
2025-10-30,ATM_0138,666.34863,25.882809
2025-10-30,ATM_0139,793.8228,28.42247
2025-10-30,ATM_0140,1183.7666,40.298035
2025-10-30,ATM_0141,1352.1368,44.95853
2025-10-30,ATM_0142,890.2857,32.403282
2025-10-30,ATM_0143,974.2871,32.094135
2025-10-30,ATM_0144,776.1074,27.46969
2025-10-30,ATM_0145,1170.2115,40.654305
2025-10-30,ATM_0147,645.1081,27.22876
2025-10-30,ATM_0149,1002.4655,33.97458
2025-10-30,ATM_0150,897.03845,32.099083
2025-10-30,ATM_0151,872.4875,29.961212
2025-10-30,ATM_0153,584.2797,23.487179
2025-10-30,ATM_0154,712.0958,26.351845
2025-10-30,ATM_0155,918.90356,32.12676
2025-10-30,ATM_0156,1175.4108,37.247612
2025-10-30,ATM_0157,1184.6544,46.377903
2025-10-30,ATM_0158,868.9539,26.739752
2025-10-30,ATM_0159,483.40158,16.930265
2025-10-30,ATM_0160,1151.9205,34.34169
2025-10-30,ATM_0161,730.5177,26.280806
2025-10-30,ATM_0162,1135.29,39.92757
2025-10-30,ATM_0163,1385.1989,47.227566
2025-10-30,ATM_0164,1184.7844,36.687817
2025-10-30,ATM_0166,1366.2181,50.463577
2025-10-30,ATM_0168,703.1488,24.427948
2025-10-30,ATM_0170,639.5471,18.106985
2025-10-30,ATM_0172,1356.4053,41.79229
2025-10-30,ATM_0173,682.7297,26.41745
2025-10-30,ATM_0174,1067.2487,36.734795
2025-10-30,ATM_0175,1179.1672,39.498497
2025-10-30,ATM_0176,860.97754,28.16215
2025-10-30,ATM_0177,909.9947,30.579351
2025-10-30,ATM_0178,768.66846,24.850035
2025-10-30,ATM_0179,958.8682,25.64908
2025-10-30,ATM_0182,1043.5377,36.928066
2025-10-30,ATM_0183,1552.7502,49.32784
2025-10-30,ATM_0184,1183.1616,39.40433
2025-10-30,ATM_0185,483.637,14.295448
2025-10-30,ATM_0186,835.14197,30.417694
2025-10-30,ATM_0187,725.141,26.865988
2025-10-30,ATM_0188,819.0301,26.694035
2025-10-30,ATM_0189,743.0997,28.507002
2025-10-30,ATM_0190,1139.3202,36.1869
2025-10-30,ATM_0191,968.1067,35.545376
2025-10-30,ATM_0193,842.7449,34.97067
2025-10-30,ATM_0194,900.322,32.08548
2025-10-30,ATM_0196,819.1087,30.810774
2025-10-30,ATM_0197,1313.5387,45.165024
2025-10-30,ATM_0198,872.7612,30.994057
2025-10-30,ATM_0199,1140.8557,34.311367
2025-10-30,ATM_0200,833.10187,24.621828
2025-10-30,ATM_0202,1208.218,35.733265
2025-10-30,ATM_0203,1120.2925,34.09062
2025-10-30,ATM_0206,1297.0962,41.654613
2025-10-30,ATM_0207,613.6464,24.151024
2025-10-30,ATM_0208,1199.4677,28.660234
2025-10-30,ATM_0209,1089.9929,27.221937
2025-10-30,ATM_0210,766.91473,25.79499
2025-10-30,ATM_0211,988.1729,38.836895
2025-10-30,ATM_0212,839.8014,29.859623
2025-10-30,ATM_0213,1183.9885,45.255806
2025-10-30,ATM_0214,963.90326,35.82901
2025-10-30,ATM_0215,890.1093,35.07637
2025-10-30,ATM_0216,753.4971,30.521122
2025-10-30,ATM_0217,663.4132,27.75478
2025-10-30,ATM_0218,1086.1687,38.755222
2025-10-30,ATM_0219,776.02594,24.97054
2025-10-30,ATM_0220,784.6737,26.728127
2025-10-30,ATM_0222,992.73175,40.442783
2025-10-30,ATM_0223,1058.8774,41.320755
2025-10-30,ATM_0224,991.72864,27.380861
2025-10-30,ATM_0225,868.7009,31.379221
2025-10-30,ATM_0226,730.8833,29.22253
2025-10-30,ATM_0227,1473.3497,50.66966
2025-10-30,ATM_0228,796.98236,28.720219
2025-10-30,ATM_0230,1244.2046,46.788387
2025-10-30,ATM_0231,1085.6638,31.95485
2025-10-30,ATM_0233,1187.5854,36.553032
2025-10-30,ATM_0234,741.2102,29.329159
2025-10-30,ATM_0235,778.61346,24.615294
2025-10-30,ATM_0236,945.7747,30.360422
2025-10-30,ATM_0238,1599.9426,54.010445
2025-10-30,ATM_0239,1018.1784,35.602585
2025-10-30,ATM_0241,1280.4102,44.63914
2025-10-30,ATM_0242,1268.9409,46.834248
2025-10-30,ATM_0243,973.7571,31.548859
2025-10-30,ATM_0244,794.5121,30.156727
2025-10-30,ATM_0245,744.6017,23.553345
2025-10-30,ATM_0246,723.27814,26.511032
2025-10-30,ATM_0247,1179.0801,33.34792
2025-10-30,ATM_0248,1106.7758,36.465775
2025-10-30,ATM_0250,1392.1394,49.009315
2025-10-30,ATM_NEW_0,792.2636,29.998674
2025-10-30,ATM_NEW_1,844.1651,29.50342
2025-10-30,ATM_NEW_2,814.2202,30.05964
2025-10-30,ATM_NEW_3,965.1413,36.834908
2025-10-30,ATM_NEW_4,1049.3134,39.07461
2025-10-31,ATM_0004,1245.6572,43.612885
2025-10-31,ATM_0006,1009.873,33.903515
2025-10-31,ATM_0007,930.8293,33.29029
2025-10-31,ATM_0009,1026.028,39.94298
2025-10-31,ATM_0010,1319.3949,46.311024
2025-10-31,ATM_0011,930.1457,32.39898
2025-10-31,ATM_0013,842.0363,29.732277
2025-10-31,ATM_0014,1181.4937,42.852463
2025-10-31,ATM_0015,1199.6572,40.046223
2025-10-31,ATM_0016,890.74524,30.422121
2025-10-31,ATM_0019,1555.6967,45.35918
2025-10-31,ATM_0020,690.41956,27.293978
2025-10-31,ATM_0021,1452.3246,49.00749
2025-10-31,ATM_0023,1168.5808,43.366653
2025-10-31,ATM_0027,1073.326,38.99308
2025-10-31,ATM_0028,1499.0302,49.56351
2025-10-31,ATM_0029,1719.9309,46.230015
2025-10-31,ATM_0032,926.88574,28.116283
2025-10-31,ATM_0033,1100.0424,36.66593
2025-10-31,ATM_0035,1519.5938,48.500004
2025-10-31,ATM_0036,992.7593,40.103806
2025-10-31,ATM_0037,1219.5247,34.91112
2025-10-31,ATM_0038,1150.882,35.434902
2025-10-31,ATM_0039,1355.3784,38.90059
2025-10-31,ATM_0040,947.27344,26.92293
2025-10-31,ATM_0041,1028.2164,32.041573
2025-10-31,ATM_0043,1241.2009,45.44542
2025-10-31,ATM_0045,1591.8826,53.106014
2025-10-31,ATM_0046,1600.1243,53.747063
2025-10-31,ATM_0047,1040.6539,28.809664
2025-10-31,ATM_0048,1019.0394,30.372454
2025-10-31,ATM_0049,668.5802,23.335344
2025-10-31,ATM_0050,1324.5715,46.67837
2025-10-31,ATM_0051,530.68646,23.077345
2025-10-31,ATM_0052,939.82074,27.838959
2025-10-31,ATM_0054,748.9032,26.514528
2025-10-31,ATM_0055,963.70776,32.44172
2025-10-31,ATM_0058,1549.6469,48.584354
2025-10-31,ATM_0059,1258.502,43.875698
2025-10-31,ATM_0060,1073.2743,39.61577
2025-10-31,ATM_0061,945.18445,32.645584
2025-10-31,ATM_0062,908.80304,29.840704
2025-10-31,ATM_0063,1043.8724,42.163918
2025-10-31,ATM_0064,1241.0936,37.471798
2025-10-31,ATM_0065,933.6782,34.241383
2025-10-31,ATM_0066,924.9269,31.41622
2025-10-31,ATM_0067,1081.0331,32.33448
2025-10-31,ATM_0068,895.1913,31.802063
2025-10-31,ATM_0069,1126.169,38.977806
2025-10-31,ATM_0070,1216.9021,38.09218
2025-10-31,ATM_0074,952.67456,34.663692
2025-10-31,ATM_0075,1091.9789,38.4153
2025-10-31,ATM_0076,997.55634,34.71244
2025-10-31,ATM_0077,1348.316,47.299084
2025-10-31,ATM_0078,1071.1346,31.097301
2025-10-31,ATM_0080,972.8925,36.288162
2025-10-31,ATM_0081,680.16406,27.565857
2025-10-31,ATM_0082,1117.1748,39.83324
2025-10-31,ATM_0083,971.34827,32.84389
2025-10-31,ATM_0084,1030.6382,30.471823
2025-10-31,ATM_0085,624.68976,24.70539
2025-10-31,ATM_0086,852.7033,26.234217
2025-10-31,ATM_0088,639.5566,26.288885
2025-10-31,ATM_0089,792.68317,25.09484
2025-10-31,ATM_0090,428.44464,18.522802
2025-10-31,ATM_0091,805.67755,28.95236
2025-10-31,ATM_0092,966.15076,24.695753
2025-10-31,ATM_0093,796.6057,27.802988
2025-10-31,ATM_0095,1061.7423,36.891182
2025-10-31,ATM_0096,840.99054,27.01488
2025-10-31,ATM_0097,1803.4888,56.980335
2025-10-31,ATM_0098,1477.4266,49.193195
2025-10-31,ATM_0099,1581.7446,50.099293
2025-10-31,ATM_0100,1136.006,31.51043
2025-10-31,ATM_0101,587.2609,25.633373
2025-10-31,ATM_0102,787.2532,25.658875
2025-10-31,ATM_0103,751.4434,28.997635
2025-10-31,ATM_0104,1060.4331,38.681026
2025-10-31,ATM_0105,681.2921,26.639833
2025-10-31,ATM_0106,719.10785,28.922817
2025-10-31,ATM_0110,905.73285,36.025146
2025-10-31,ATM_0111,1169.8732,41.317375
2025-10-31,ATM_0112,1191.4968,40.35602
2025-10-31,ATM_0113,1486.6857,52.726532
2025-10-31,ATM_0114,820.64856,25.432337
2025-10-31,ATM_0115,1019.3999,38.738922
2025-10-31,ATM_0116,929.80347,34.81944
2025-10-31,ATM_0118,864.95135,26.803474
2025-10-31,ATM_0119,918.3348,32.84857
2025-10-31,ATM_0120,940.8316,32.127865
2025-10-31,ATM_0121,1448.4097,48.32212
2025-10-31,ATM_0122,1355.7,40.113506
2025-10-31,ATM_0123,522.5016,17.731705
2025-10-31,ATM_0124,1141.809,43.85932
2025-10-31,ATM_0125,1159.3357,43.816517
2025-10-31,ATM_0126,1751.5919,55.979725
2025-10-31,ATM_0128,1255.0958,43.39558
2025-10-31,ATM_0129,1419.3085,41.27616
2025-10-31,ATM_0131,1157.3517,38.388386
2025-10-31,ATM_0132,716.09766,23.030657
2025-10-31,ATM_0133,874.30914,34.09671
2025-10-31,ATM_0135,987.9536,38.834824
2025-10-31,ATM_0136,955.24097,36.239147
2025-10-31,ATM_0137,1649.7777,55.01166
2025-10-31,ATM_0138,576.70435,24.063316
2025-10-31,ATM_0139,954.4251,33.565456
2025-10-31,ATM_0140,1024.377,37.478127
2025-10-31,ATM_0141,1068.6274,37.16596
2025-10-31,ATM_0142,1055.3652,35.437397
2025-10-31,ATM_0143,1280.2488,37.90092
2025-10-31,ATM_0144,1077.4521,35.31873
2025-10-31,ATM_0145,918.01135,32.687386
2025-10-31,ATM_0147,911.87537,36.58994
2025-10-31,ATM_0149,1150.4531,38.22533
2025-10-31,ATM_0150,1405.7385,43.832005
2025-10-31,ATM_0151,939.73285,32.89109
2025-10-31,ATM_0152,840.2786,30.436193
2025-10-31,ATM_0153,767.55505,29.838778
2025-10-31,ATM_0154,842.2003,29.644953
2025-10-31,ATM_0155,925.10394,31.838957
2025-10-31,ATM_0156,982.08075,34.30192
2025-10-31,ATM_0157,1125.9238,43.697113
2025-10-31,ATM_0158,1129.4906,33.752663
2025-10-31,ATM_0159,1242.8445,34.660675
2025-10-31,ATM_0160,1095.8873,34.311115
2025-10-31,ATM_0161,928.5983,33.09512
2025-10-31,ATM_0162,920.8444,35.185013
2025-10-31,ATM_0163,1342.7095,47.023857
2025-10-31,ATM_0164,862.8777,28.775612
2025-10-31,ATM_0166,1277.1581,48.45809
2025-10-31,ATM_0168,1499.4022,44.8502
2025-10-31,ATM_0169,1092.0269,39.708595
2025-10-31,ATM_0170,964.4726,24.935814
2025-10-31,ATM_0172,1381.1259,43.23703
2025-10-31,ATM_0173,1296.7118,44.0193
2025-10-31,ATM_0174,946.97504,32.957413
2025-10-31,ATM_0175,909.2999,30.930374
2025-10-31,ATM_0176,1788.165,47.143024
2025-10-31,ATM_0177,1366.4717,42.109398
2025-10-31,ATM_0178,1325.6295,38.795773
2025-10-31,ATM_0179,747.40283,21.654829
2025-10-31,ATM_0180,903.4507,38.223442
2025-10-31,ATM_0182,902.5575,32.77511
2025-10-31,ATM_0183,1293.5938,43.445812
2025-10-31,ATM_0184,927.5891,33.57138
2025-10-31,ATM_0185,659.3835,19.010546
2025-10-31,ATM_0186,663.38403,24.822329
2025-10-31,ATM_0187,928.22205,31.193707
2025-10-31,ATM_0188,1263.6968,37.63733
2025-10-31,ATM_0189,968.3137,34.917717
2025-10-31,ATM_0190,957.20135,31.574991
2025-10-31,ATM_0191,1324.6329,46.151154
2025-10-31,ATM_0192,656.9036,20.763262
2025-10-31,ATM_0193,1263.3392,47.077816
2025-10-31,ATM_0194,913.6841,32.48407
2025-10-31,ATM_0196,651.18646,24.96262
2025-10-31,ATM_0197,1378.6974,48.460495
2025-10-31,ATM_0198,893.7288,32.80432
2025-10-31,ATM_0199,1336.4023,37.44968
2025-10-31,ATM_0200,618.86194,19.627756
2025-10-31,ATM_0202,1340.089,40.289974
2025-10-31,ATM_0206,1216.0795,42.92484
2025-10-31,ATM_0207,965.4159,36.14081
2025-10-31,ATM_0208,988.8312,24.834705
2025-10-31,ATM_0209,686.38995,18.729794
2025-10-31,ATM_0210,731.0149,26.194746
2025-10-31,ATM_0211,835.94293,32.578346
2025-10-31,ATM_0212,1023.0962,34.757244
2025-10-31,ATM_0213,1594.7295,53.485058
2025-10-31,ATM_0214,989.11487,36.40983
2025-10-31,ATM_0215,1141.8623,43.886635
2025-10-31,ATM_0216,906.0732,36.49639
2025-10-31,ATM_0217,863.7395,35.53573
2025-10-31,ATM_0218,1618.5947,51.767033
2025-10-31,ATM_0219,828.6651,25.115366
2025-10-31,ATM_0220,1156.3236,38.577446
2025-10-31,ATM_0221,707.06256,24.150381
2025-10-31,ATM_0222,964.50574,39.408615
2025-10-31,ATM_0223,1097.2773,41.619137
2025-10-31,ATM_0226,1148.4546,42.22648
2025-10-31,ATM_0227,718.06683,28.92438
2025-10-31,ATM_0228,938.4015,32.635555
2025-10-31,ATM_0230,1427.5854,50.568775
2025-10-31,ATM_0233,1394.7452,40.003273
2025-10-31,ATM_0234,1177.3151,42.319695
2025-10-31,ATM_0235,671.32684,21.538712
2025-10-31,ATM_0236,1357.6039,39.925285
2025-10-31,ATM_0238,1124.4991,42.533207
2025-10-31,ATM_0239,935.98395,33.586178
2025-10-31,ATM_0240,1312.6908,43.898075
2025-10-31,ATM_0241,1172.4554,41.51349
2025-10-31,ATM_0242,1216.5793,47.30136
2025-10-31,ATM_0243,1154.6423,34.005886
2025-10-31,ATM_0245,1325.2999,36.446693
2025-10-31,ATM_0246,880.56537,30.599934
2025-10-31,ATM_0247,704.12384,22.49746
2025-10-31,ATM_0248,892.36334,32.501484
2025-10-31,ATM_0250,1415.5905,50.000217
2025-10-31,ATM_NEW_0,1000.1566,36.91579
2025-10-31,ATM_NEW_1,890.4145,31.285992
2025-10-31,ATM_NEW_2,1005.51624,35.844265
2025-10-31,ATM_NEW_3,791.2622,31.280243
2025-10-31,ATM_NEW_4,1116.9083,41.084854
2025-11-01,ATM_0004,1097.7273,37.97084
2025-11-01,ATM_0005,994.61804,37.28059
2025-11-01,ATM_0006,798.3217,28.740683
2025-11-01,ATM_0007,772.24774,29.395294
2025-11-01,ATM_0009,1048.6865,41.217922
2025-11-01,ATM_0010,1495.4902,51.8481
2025-11-01,ATM_0011,656.7678,25.376804
2025-11-01,ATM_0014,1501.9915,51.50724
2025-11-01,ATM_0015,735.0997,27.160725
2025-11-01,ATM_0016,985.5149,33.320015
2025-11-01,ATM_0018,596.2538,23.670933
2025-11-01,ATM_0019,706.3974,23.937227
2025-11-01,ATM_0020,695.10815,26.36737
2025-11-01,ATM_0021,1049.636,38.71738
2025-11-01,ATM_0022,1191.3235,37.280254
2025-11-01,ATM_0023,1299.2712,49.05154
2025-11-01,ATM_0025,915.315,33.849663
2025-11-01,ATM_0027,1046.1573,39.690422
2025-11-01,ATM_0028,1167.3645,42.286587
2025-11-01,ATM_0029,1518.9275,42.159718
2025-11-01,ATM_0032,1070.5807,30.914026
2025-11-01,ATM_0033,804.9582,29.364286
2025-11-01,ATM_0034,1363.5751,46.614384
2025-11-01,ATM_0035,1256.2799,44.101322
2025-11-01,ATM_0036,1181.3494,44.626705
2025-11-01,ATM_0037,990.5923,33.296017
2025-11-01,ATM_0037,999.043,33.11113
2025-11-01,ATM_0039,1317.9393,38.114937
2025-11-01,ATM_0039,1347.1945,39.117535
2025-11-01,ATM_0040,359.33527,13.523519
2025-11-01,ATM_0041,1214.822,37.21016
2025-11-01,ATM_0042,1381.4186,47.526203
2025-11-01,ATM_0045,1196.3892,43.04249
2025-11-01,ATM_0046,1100.2849,40.20541
2025-11-01,ATM_0047,717.4311,21.131655
2025-11-01,ATM_0048,978.4092,29.698935
2025-11-01,ATM_0049,1016.69336,31.898012
2025-11-01,ATM_0050,1418.1108,47.43951
2025-11-01,ATM_0051,1037.1694,37.534653
2025-11-01,ATM_0052,1162.8667,32.943813
2025-11-01,ATM_0054,560.97565,20.888985
2025-11-01,ATM_0055,487.0332,19.066406
2025-11-01,ATM_0056,802.05725,29.330946
2025-11-01,ATM_0058,1304.9319,41.4863
2025-11-01,ATM_0059,1233.7717,42.31321
2025-11-01,ATM_0060,942.0863,35.61365
2025-11-01,ATM_0061,833.6533,29.595179
2025-11-01,ATM_0062,1235.4343,35.829086
2025-11-01,ATM_0063,923.5658,38.68026
2025-11-01,ATM_0064,1161.0922,36.441658
2025-11-01,ATM_0065,674.18195,25.180395
2025-11-01,ATM_0067,772.7778,25.474972
2025-11-01,ATM_0068,949.88965,33.155125
2025-11-01,ATM_0069,952.2572,35.554882
2025-11-01,ATM_0070,1185.3925,36.329144
2025-11-01,ATM_0074,850.566,30.688229
2025-11-01,ATM_0075,1065.9618,37.035366
2025-11-01,ATM_0076,1124.247,38.693573
2025-11-01,ATM_0077,1423.8138,49.318024
2025-11-01,ATM_0078,702.14655,23.389572
2025-11-01,ATM_0080,1231.581,43.076553
2025-11-01,ATM_0081,428.5411,18.338343
2025-11-01,ATM_0082,1050.8085,36.904816
2025-11-01,ATM_0083,805.40216,29.33718
2025-11-01,ATM_0084,791.81287,25.505604
2025-11-01,ATM_0085,867.90216,30.67402
2025-11-01,ATM_0086,780.6898,24.269106
2025-11-01,ATM_0087,1015.81055,34.995102
2025-11-01,ATM_0088,994.8816,34.373165
2025-11-01,ATM_0089,900.3284,26.234385
2025-11-01,ATM_0090,911.9211,32.034805
2025-11-01,ATM_0091,832.8418,30.035555
2025-11-01,ATM_0092,920.31665,24.647053
2025-11-01,ATM_0093,552.5945,21.110563
2025-11-01,ATM_0095,1230.9329,42.550846
2025-11-01,ATM_0096,1121.4377,34.69526
2025-11-01,ATM_0097,1570.1602,53.933983
2025-11-01,ATM_0099,1094.5027,38.91902
2025-11-01,ATM_0100,655.8861,21.440851
2025-11-01,ATM_0101,1059.8613,40.61702
2025-11-01,ATM_0102,889.1436,28.605417
2025-11-01,ATM_0103,746.42065,28.37997
2025-11-01,ATM_0104,925.76794,33.771507
2025-11-01,ATM_0105,1190.6362,39.413338
2025-11-01,ATM_0106,865.7379,32.72136
2025-11-01,ATM_0108,1482.2699,45.419304
2025-11-01,ATM_0109,834.1541,32.694946
2025-11-01,ATM_0110,1262.3798,42.549152
2025-11-01,ATM_0111,1527.4658,50.516144
2025-11-01,ATM_0112,854.18677,32.57285
2025-11-01,ATM_0113,1665.5492,56.073322
2025-11-01,ATM_0114,1157.5444,32.80512
2025-11-01,ATM_0115,815.30316,33.041084
2025-11-01,ATM_0116,1434.0791,47.099163
2025-11-01,ATM_0118,677.7308,22.40987
2025-11-01,ATM_0119,628.772,24.35318
2025-11-01,ATM_0120,781.7465,27.800947
2025-11-01,ATM_0121,1824.3068,54.913113
2025-11-01,ATM_0122,1143.171,36.305683
2025-11-01,ATM_0123,972.0277,28.263824
2025-11-01,ATM_0124,968.586,37.89886
2025-11-01,ATM_0125,907.79926,36.07021
2025-11-01,ATM_0126,1540.903,59.575146
2025-11-01,ATM_0126,1537.2942,55.914963
2025-11-01,ATM_0130,1211.2634,36.280014
2025-11-01,ATM_0131,1105.592,36.103954
2025-11-01,ATM_0132,739.69666,23.744556
2025-11-01,ATM_0133,946.47565,36.591274
2025-11-01,ATM_0134,645.6333,21.092875
2025-11-01,ATM_0135,681.68524,26.274626
2025-11-01,ATM_0136,909.6068,34.67451
2025-11-01,ATM_0137,1066.036,39.448666
2025-11-01,ATM_0138,607.6315,24.80256
2025-11-01,ATM_0139,1021.7001,34.370617
2025-11-01,ATM_0140,1291.8633,45.642254
2025-11-01,ATM_0142,1116.7985,38.320858
2025-11-01,ATM_0143,1150.245,35.70583
2025-11-01,ATM_0144,928.7632,31.964584
2025-11-01,ATM_0145,809.83826,30.990541
2025-11-01,ATM_0147,718.5192,30.52379
2025-11-01,ATM_0149,844.3058,31.140306
2025-11-01,ATM_0150,997.29877,35.333
2025-11-01,ATM_0151,1121.9844,38.582096
2025-11-01,ATM_0152,1151.1434,39.194122
2025-11-01,ATM_0153,351.6539,17.222668
2025-11-01,ATM_0154,966.11475,32.980576
2025-11-01,ATM_0155,1002.578,34.77297
2025-11-01,ATM_0157,1325.663,50.51451
2025-11-01,ATM_0158,615.90674,21.129318
2025-11-01,ATM_0159,551.7209,18.723223
2025-11-01,ATM_0160,1155.9501,34.640095
2025-11-01,ATM_0162,1393.702,45.95415
2025-11-01,ATM_0163,1278.0897,44.531338
2025-11-01,ATM_0164,1498.3873,43.669838
2025-11-01,ATM_0166,1217.25,46.486435
2025-11-01,ATM_0168,793.32,26.5979
2025-11-01,ATM_0169,1613.1931,50.687386
2025-11-01,ATM_0169,1580.2849,48.588066
2025-11-01,ATM_0172,1759.7506,51.535378
2025-11-01,ATM_0173,909.9847,32.750076
2025-11-01,ATM_0174,690.04846,25.937035
2025-11-01,ATM_0177,1384.2883,42.44905
2025-11-01,ATM_0178,1545.7101,42.158844
2025-11-01,ATM_0178,1565.7731,44.34162
2025-11-01,ATM_0179,669.0637,20.063885
2025-11-01,ATM_0180,956.3428,40.440006
2025-11-01,ATM_0182,912.82263,33.277058
2025-11-01,ATM_0183,1216.8865,41.65868
2025-11-01,ATM_0184,1229.2423,40.755257
2025-11-01,ATM_0186,882.39374,31.335024
2025-11-01,ATM_0187,361.84048,16.490988
2025-11-01,ATM_0188,1277.0302,38.592327
2025-11-01,ATM_0189,1189.7599,39.7028
2025-11-01,ATM_0190,982.43286,32.34455
2025-11-01,ATM_0191,1630.1194,50.710487
2025-11-01,ATM_0192,544.1306,17.710222
2025-11-01,ATM_0193,809.2612,33.693005
2025-11-01,ATM_0194,928.62537,34.145836
2025-11-01,ATM_0196,548.06854,22.30763
2025-11-01,ATM_0197,1703.9902,55.845257
2025-11-01,ATM_0198,1082.8048,35.94232
2025-11-01,ATM_0199,1536.5221,45.516453
2025-11-01,ATM_0200,879.5466,24.374569
2025-11-01,ATM_0202,1175.9275,34.953613
2025-11-01,ATM_0206,870.50635,32.49543
2025-11-01,ATM_0207,902.79193,33.489235
2025-11-01,ATM_0208,739.638,20.756216
2025-11-01,ATM_0209,584.5636,17.467321
2025-11-01,ATM_0211,846.76447,34.303806
2025-11-01,ATM_0212,915.3692,32.75992
2025-11-01,ATM_0213,1667.0725,56.45459
2025-11-01,ATM_0214,1650.74,54.413826
2025-11-01,ATM_0215,1034.2108,41.2699
2025-11-01,ATM_0216,939.7046,36.090145
2025-11-01,ATM_0217,730.4113,29.189669
2025-11-01,ATM_0218,869.0153,32.607212
2025-11-01,ATM_0219,917.99994,27.296062
2025-11-01,ATM_0220,881.0737,30.84312
2025-11-01,ATM_0221,586.48413,21.748714
2025-11-01,ATM_0222,1220.0317,48.02186
2025-11-01,ATM_0223,965.5007,38.244396
2025-11-01,ATM_0224,686.0947,22.021852
2025-11-01,ATM_0225,1186.8868,39.782406
2025-11-01,ATM_0226,846.81946,35.188507
2025-11-01,ATM_0227,1550.8777,54.775417
2025-11-01,ATM_0228,882.50415,30.684345
2025-11-01,ATM_0230,1608.2568,58.08914
2025-11-01,ATM_0231,1362.9128,37.56388
2025-11-01,ATM_0233,938.677,30.08792
2025-11-01,ATM_0234,1119.111,38.949013
2025-11-01,ATM_0236,722.9612,23.71107
2025-11-01,ATM_0238,1406.8329,49.191795
2025-11-01,ATM_0239,1307.3839,41.003628
2025-11-01,ATM_0240,1091.7527,37.954414
2025-11-01,ATM_0241,1100.8469,38.318203
2025-11-01,ATM_0242,1051.7256,39.25201
2025-11-01,ATM_0243,1096.8743,33.734547
2025-11-01,ATM_0244,1101.3936,38.537655
2025-11-01,ATM_0245,504.18613,17.833344
2025-11-01,ATM_0246,1086.2283,35.275234
2025-11-01,ATM_0247,898.94476,28.186474
2025-11-01,ATM_0248,1280.5665,40.65581
2025-11-01,ATM_NEW_0,897.298,33.339485
2025-11-01,ATM_NEW_1,700.1688,26.00422
2025-11-01,ATM_NEW_2,1117.1194,39.910156
2025-11-01,ATM_NEW_3,997.0108,37.620605
2025-11-01,ATM_NEW_4,1816.2458,54.681587
2025-11-02,ATM_0004,1099.8114,39.060623
2025-11-02,ATM_0005,1031.4305,37.51959
2025-11-02,ATM_0006,1018.6504,34.733818
2025-11-02,ATM_0007,758.2314,28.4544
2025-11-02,ATM_0009,899.38855,36.585064
2025-11-02,ATM_0010,1182.9601,42.04343
2025-11-02,ATM_0011,506.09155,20.63527
2025-11-02,ATM_0013,854.69055,31.235867
2025-11-02,ATM_0014,1525.8058,51.891865
2025-11-02,ATM_0015,910.1285,32.11115
2025-11-02,ATM_0016,698.0499,25.96601
2025-11-02,ATM_0018,820.0047,29.993702
2025-11-02,ATM_0019,1135.3372,34.64794
2025-11-02,ATM_0020,620.0519,24.571152
2025-11-02,ATM_0021,1249.7341,43.057243
2025-11-02,ATM_0022,1124.6344,34.511833
2025-11-02,ATM_0023,1153.6145,44.887188
2025-11-02,ATM_0025,641.94135,25.031935
2025-11-02,ATM_0027,1137.0675,41.8129
2025-11-02,ATM_0028,1124.7139,42.048656
2025-11-02,ATM_0029,1432.5061,40.566246
2025-11-02,ATM_0031,1035.3671,40.698837
2025-11-02,ATM_0032,996.2549,30.55933
2025-11-02,ATM_0033,742.9531,27.942314
2025-11-02,ATM_0034,787.5754,29.424397
2025-11-02,ATM_0035,1029.2274,37.970478
2025-11-02,ATM_0036,1386.6757,52.26728
2025-11-02,ATM_0037,1109.0728,31.485968
2025-11-02,ATM_0038,915.57587,29.63644
2025-11-02,ATM_0039,865.5677,27.753786
2025-11-02,ATM_0040,617.24255,20.440817
2025-11-02,ATM_0041,766.1538,25.788372
2025-11-02,ATM_0042,1280.4205,45.39462
2025-11-02,ATM_0043,1307.7465,45.810654
2025-11-02,ATM_0046,859.7186,34.067074
2025-11-02,ATM_0047,661.0101,20.567554
2025-11-02,ATM_0048,1233.0842,36.053936
2025-11-02,ATM_0051,667.1787,27.286566
2025-11-02,ATM_0052,849.2927,26.284668
2025-11-02,ATM_0054,529.242,20.331919
2025-11-02,ATM_0055,578.03253,21.224787
2025-11-02,ATM_0056,1146.1395,38.18612
2025-11-02,ATM_0058,923.50104,31.114624
2025-11-02,ATM_0059,1123.0961,39.146782
2025-11-02,ATM_0060,667.4483,26.547611
2025-11-02,ATM_0061,902.58936,31.510733
2025-11-02,ATM_0062,1310.4432,36.75723
2025-11-02,ATM_0062,1334.9796,37.547703
2025-11-02,ATM_0063,733.0863,30.604221
2025-11-02,ATM_0064,970.225,30.591158
2025-11-02,ATM_0065,1000.8758,35.117687
2025-11-02,ATM_0066,604.4841,23.08261
2025-11-02,ATM_0067,1019.3819,31.321482
2025-11-02,ATM_0068,1217.454,38.51078
2025-11-02,ATM_0069,1579.8446,51.509457
2025-11-02,ATM_0070,765.953,25.714432
2025-11-02,ATM_0074,1012.6774,34.775085
2025-11-02,ATM_0075,1105.5588,37.138714
2025-11-02,ATM_0076,868.2001,30.907444
2025-11-02,ATM_0077,927.4678,35.687935
2025-11-02,ATM_0078,857.21747,26.42117
2025-11-02,ATM_0080,1135.4673,40.60533
2025-11-02,ATM_0083,612.4147,23.096916
2025-11-02,ATM_0084,1217.6818,35.188694
2025-11-02,ATM_0085,826.71466,29.61704
2025-11-02,ATM_0086,552.2557,18.555393
2025-11-02,ATM_0087,804.21375,30.339388
2025-11-02,ATM_0088,641.08594,26.382036
2025-11-02,ATM_0091,625.85114,24.60835
2025-11-02,ATM_0092,980.0386,24.706598
2025-11-02,ATM_0093,842.9316,29.54649
2025-11-02,ATM_0095,727.06006,27.61705
2025-11-02,ATM_0096,1184.1694,36.176456
2025-11-02,ATM_0097,1600.1785,55.72536
2025-11-02,ATM_0098,862.12915,32.93255
2025-11-02,ATM_0099,830.7074,31.483257
2025-11-02,ATM_0100,706.0932,23.020403
2025-11-02,ATM_0101,875.24585,35.489098
2025-11-02,ATM_0102,925.90894,29.126446
2025-11-02,ATM_0103,362.82474,18.090433
2025-11-02,ATM_0105,764.50653,28.297968
2025-11-02,ATM_0106,507.99615,22.413788
2025-11-02,ATM_0108,1658.0509,46.495876
2025-11-02,ATM_0109,1136.0743,40.72943
2025-11-02,ATM_0110,694.8609,28.354624
2025-11-02,ATM_0111,1307.6348,45.189564
2025-11-02,ATM_0112,1120.6523,39.482
2025-11-02,ATM_0113,1485.607,49.55794
2025-11-02,ATM_0114,1116.6162,32.205147
2025-11-02,ATM_0115,778.2191,31.31531
2025-11-02,ATM_0118,738.3342,23.082378
2025-11-02,ATM_0119,811.7904,31.245728
2025-11-02,ATM_0120,649.05005,23.726463
2025-11-02,ATM_0121,884.66797,34.29003
2025-11-02,ATM_0122,1149.4465,36.0089
2025-11-02,ATM_0123,466.79727,16.20466
2025-11-02,ATM_0124,822.0233,34.241543
2025-11-02,ATM_0125,784.53436,32.625847
2025-11-02,ATM_0126,1826.1921,57.5868
2025-11-02,ATM_0128,1003.5087,36.502033
2025-11-02,ATM_0129,615.49036,20.67779
2025-11-02,ATM_0130,1210.8843,35.97555
2025-11-02,ATM_0131,781.93915,28.365341
2025-11-02,ATM_0132,804.36615,24.703651
2025-11-02,ATM_0133,944.8145,37.1646
2025-11-02,ATM_0134,823.21173,25.056885
2025-11-02,ATM_0135,742.17346,29.177048
2025-11-02,ATM_0136,792.65936,31.145985
2025-11-02,ATM_0137,1086.8942,39.261406
2025-11-02,ATM_0138,795.2586,30.331566
2025-11-02,ATM_0139,847.0107,28.832693
2025-11-02,ATM_0140,1460.6917,48.27136
2025-11-02,ATM_0141,1026.5398,34.89568
2025-11-02,ATM_0142,948.1284,32.40007
2025-11-02,ATM_0143,947.2277,31.639416
2025-11-02,ATM_0144,808.1188,27.17118
2025-11-02,ATM_0145,1288.1925,42.5502
2025-11-02,ATM_0147,734.59406,29.887793
2025-11-02,ATM_0149,1102.5842,38.116436
2025-11-02,ATM_0150,882.7123,31.817778
2025-11-02,ATM_0151,1017.30646,35.024445
2025-11-02,ATM_0152,1078.1594,37.305096
2025-11-02,ATM_0153,619.98553,24.409191
2025-11-02,ATM_0154,580.9725,21.55811
2025-11-02,ATM_0155,875.0432,30.555891
2025-11-02,ATM_0156,972.3962,33.257362
2025-11-02,ATM_0157,897.3892,36.103306
2025-11-02,ATM_0159,768.86597,25.073465
2025-11-02,ATM_0160,1199.5713,35.174564
2025-11-02,ATM_0161,844.4638,30.540224
2025-11-02,ATM_0162,904.64954,33.92753
2025-11-02,ATM_0163,1611.5537,52.213726
2025-11-02,ATM_0164,1008.01166,33.186573
2025-11-02,ATM_0166,623.4052,26.57966
2025-11-02,ATM_0168,1155.413,36.509617
2025-11-02,ATM_0169,947.5,34.429073
2025-11-02,ATM_0170,727.6751,21.385714
2025-11-02,ATM_0173,977.0996,35.29908
2025-11-02,ATM_0174,622.5703,23.66514
2025-11-02,ATM_0176,734.4349,24.788734
2025-11-02,ATM_0177,1067.262,33.957355
2025-11-02,ATM_0178,947.38916,30.181696
2025-11-02,ATM_0179,936.84753,24.964775
2025-11-02,ATM_0180,812.6447,34.07056
2025-11-02,ATM_0182,1044.6086,36.9939
2025-11-02,ATM_0183,1709.2063,52.930023
2025-11-02,ATM_0184,1003.7593,34.194984
2025-11-02,ATM_0185,502.035,14.832393
2025-11-02,ATM_0186,731.1214,26.309134
2025-11-02,ATM_0187,915.56757,30.379717
2025-11-02,ATM_0188,1051.7236,32.197975
2025-11-02,ATM_0189,1124.7676,37.428574
2025-11-02,ATM_0190,999.97906,32.33726
2025-11-02,ATM_0191,794.1329,30.684216
2025-11-02,ATM_0192,720.91626,22.38862
2025-11-02,ATM_0193,1083.3595,40.716797
2025-11-02,ATM_0194,963.26215,34.6564
2025-11-02,ATM_0196,619.99084,24.50563
2025-11-02,ATM_0198,605.8808,23.018782
2025-11-02,ATM_0199,1138.0876,34.24793
2025-11-02,ATM_0200,745.74774,22.310532
2025-11-02,ATM_0202,1265.2313,35.585773
2025-11-02,ATM_0203,1509.3835,41.11828
2025-11-02,ATM_0206,865.53876,31.855896
2025-11-02,ATM_0207,769.44727,30.45262
2025-11-02,ATM_0208,504.84952,14.825815
2025-11-02,ATM_0209,766.8089,20.257181
2025-11-02,ATM_0210,470.55957,19.111649
2025-11-02,ATM_0211,587.8503,25.82486
2025-11-02,ATM_0212,590.0532,23.197874
2025-11-02,ATM_0213,1114.5105,42.135254
2025-11-02,ATM_0214,1512.5183,51.89454
2025-11-02,ATM_0216,618.2519,26.238852
2025-11-02,ATM_0217,935.44574,37.568066
2025-11-02,ATM_0218,755.96124,29.71737
2025-11-02,ATM_0219,726.3293,22.542353
2025-11-02,ATM_0220,905.1152,30.87614
2025-11-02,ATM_0221,482.2052,18.943903
2025-11-02,ATM_0222,850.43567,36.21208
2025-11-02,ATM_0223,961.09937,35.95573
2025-11-02,ATM_0226,770.16437,32.600674
2025-11-02,ATM_0227,1134.077,41.651085
2025-11-02,ATM_0228,662.87195,24.282001
2025-11-02,ATM_0230,1395.5847,52.530537
2025-11-02,ATM_0233,1105.3362,33.432472
2025-11-02,ATM_0234,1311.2777,44.4996
2025-11-02,ATM_0235,782.85767,25.088152
2025-11-02,ATM_0236,889.0596,29.009874
2025-11-02,ATM_0238,802.2407,31.768702
2025-11-02,ATM_0239,899.14343,33.867367
2025-11-02,ATM_0240,803.4888,30.202415
2025-11-02,ATM_0241,779.28735,30.708876
2025-11-02,ATM_0242,1080.1877,41.522503
2025-11-02,ATM_0243,1305.6656,39.03472
2025-11-02,ATM_0244,916.43774,31.998783
2025-11-02,ATM_0245,819.36957,24.666603
2025-11-02,ATM_0246,856.34216,28.885023
2025-11-02,ATM_0247,909.454,27.947098
2025-11-02,ATM_0248,1228.1265,41.756756
2025-11-02,ATM_0250,1243.8722,45.64946
2025-11-02,ATM_NEW_0,913.52795,32.489178
2025-11-02,ATM_NEW_2,940.53705,32.70996
2025-11-02,ATM_NEW_3,1040.4622,38.052486
2025-11-02,ATM_NEW_4,1152.8076,42.42689
2025-11-03,ATM_0004,1158.4171,40.2556
2025-11-03,ATM_0005,1220.366,43.73899
2025-11-03,ATM_0006,722.0607,26.410671
2025-11-03,ATM_0007,1131.61,38.69489
2025-11-03,ATM_0009,1063.152,42.65984
2025-11-03,ATM_0010,1204.2996,41.26852
2025-11-03,ATM_0011,838.12115,29.297743
2025-11-03,ATM_0013,981.0533,33.71426
2025-11-03,ATM_0014,1229.5608,41.715164
2025-11-03,ATM_0016,1004.86566,33.55289
2025-11-03,ATM_0018,566.75885,21.34408
2025-11-03,ATM_0019,1107.5255,35.76096
2025-11-03,ATM_0020,831.9028,31.993135
2025-11-03,ATM_0021,1247.564,43.705807
2025-11-03,ATM_0022,1015.6976,32.544613
2025-11-03,ATM_0023,1011.8594,40.08854
2025-11-03,ATM_0025,633.73553,24.92282
2025-11-03,ATM_0027,1270.1313,44.71508
2025-11-03,ATM_0028,1097.8379,40.594086
2025-11-03,ATM_0029,1494.6976,42.6194
2025-11-03,ATM_0031,707.1105,29.909546
2025-11-03,ATM_0032,1114.6292,31.892946
2025-11-03,ATM_0033,882.8168,31.560928
2025-11-03,ATM_0034,896.3985,33.94909
2025-11-03,ATM_0035,1434.0833,50.73643
2025-11-03,ATM_0036,900.374,36.994843
2025-11-03,ATM_0038,921.6905,29.265385
2025-11-03,ATM_0039,1003.1141,30.059649
2025-11-03,ATM_0040,733.0195,22.40617
2025-11-03,ATM_0041,948.75726,30.407598
2025-11-03,ATM_0042,1609.1173,54.227093
2025-11-03,ATM_0043,1150.2098,40.572453
2025-11-03,ATM_0045,1051.8964,37.874153
2025-11-03,ATM_0046,1059.6484,39.317684
2025-11-03,ATM_0047,747.7173,22.44014
2025-11-03,ATM_0048,1035.1912,31.982328
2025-11-03,ATM_0049,1110.8219,32.100563
2025-11-03,ATM_0050,1191.9667,43.99036
2025-11-03,ATM_0051,927.4089,35.124413
2025-11-03,ATM_0052,565.2232,18.635029
2025-11-03,ATM_0056,801.81415,29.86779
2025-11-03,ATM_0058,1093.3175,37.707912
2025-11-03,ATM_0059,1245.4747,43.99791
2025-11-03,ATM_0060,969.02673,35.18258
2025-11-03,ATM_0061,823.52856,30.432491
2025-11-03,ATM_0062,1009.46716,30.554846
2025-11-03,ATM_0063,954.7003,38.728546
2025-11-03,ATM_0064,1256.3248,38.713055
2025-11-03,ATM_0065,885.49567,31.090727
2025-11-03,ATM_0066,921.5577,31.854933
2025-11-03,ATM_0067,981.8797,29.374163
2025-11-03,ATM_0068,862.85175,29.61377
2025-11-03,ATM_0069,1405.261,48.149773
2025-11-03,ATM_0070,1163.162,35.505352
2025-11-03,ATM_0074,1089.6725,37.584454
2025-11-03,ATM_0075,916.3533,33.42757
2025-11-03,ATM_0077,1425.4841,49.50027
2025-11-03,ATM_0078,860.57806,27.067026
2025-11-03,ATM_0080,1583.6755,52.352474
2025-11-03,ATM_0081,631.2721,23.876247
2025-11-03,ATM_0082,1277.7885,42.22884
2025-11-03,ATM_0082,1217.1095,42.117344
2025-11-03,ATM_0083,903.3351,31.451227
2025-11-03,ATM_0084,692.75446,22.209618
2025-11-03,ATM_0085,862.54083,29.43403
2025-11-03,ATM_0086,845.3233,25.749006
2025-11-03,ATM_0087,1143.057,40.099415
2025-11-03,ATM_0088,705.6577,27.469587
2025-11-03,ATM_0089,875.4916,26.427956
2025-11-03,ATM_0090,534.6764,22.266518
2025-11-03,ATM_0091,849.1403,30.111002
2025-11-03,ATM_0092,759.71643,21.193346
2025-11-03,ATM_0093,606.1951,22.745787
2025-11-03,ATM_0095,901.5473,33.277973
2025-11-03,ATM_0096,893.22003,28.745554
2025-11-03,ATM_0097,1036.9591,39.669857
2025-11-03,ATM_0098,878.7492,33.098152
2025-11-03,ATM_0099,1657.9513,54.517796
2025-11-03,ATM_0100,879.11005,25.66087
2025-11-03,ATM_0101,761.85925,32.167072
2025-11-03,ATM_0102,709.37366,23.74536
2025-11-03,ATM_0103,744.9171,28.552616
2025-11-03,ATM_0104,998.63873,36.058723
2025-11-03,ATM_0105,1030.5792,34.754055
2025-11-03,ATM_0106,638.892,25.760017
2025-11-03,ATM_0108,1884.7859,50.021942
2025-11-03,ATM_0109,1230.9117,42.91778
2025-11-03,ATM_0110,905.3157,36.61704
2025-11-03,ATM_0111,866.7002,33.03848
2025-11-03,ATM_0112,1274.2233,40.30609
2025-11-03,ATM_0113,1520.4373,52.242496
2025-11-03,ATM_0114,515.7864,18.131882
2025-11-03,ATM_0115,1143.2698,42.73478
2025-11-03,ATM_0116,1090.2275,37.59961
2025-11-03,ATM_0118,1080.7958,31.039911
2025-11-03,ATM_0119,705.8754,27.720562
2025-11-03,ATM_0120,938.8406,31.41533
2025-11-03,ATM_0121,1186.7504,41.677124
2025-11-03,ATM_0123,1012.46423,28.329922
2025-11-03,ATM_0124,984.7108,38.55623
2025-11-03,ATM_0125,900.31036,34.986195
2025-11-03,ATM_0126,810.771,31.607447
2025-11-03,ATM_0128,1198.9595,40.582138
2025-11-03,ATM_0129,695.9877,23.466188
2025-11-03,ATM_0130,1217.7887,34.083656
2025-11-03,ATM_0131,1185.5497,37.195015
2025-11-03,ATM_0132,856.12146,26.571608
2025-11-03,ATM_0133,946.4377,36.3315
2025-11-03,ATM_0134,705.9786,21.42973
2025-11-03,ATM_0136,1059.824,40.284843
2025-11-03,ATM_0137,1029.6353,35.66729
2025-11-03,ATM_0138,603.1376,23.84195
2025-11-03,ATM_0139,951.44574,33.852898
2025-11-03,ATM_0140,817.1296,31.629797
2025-11-03,ATM_0141,1496.1027,47.481113
2025-11-03,ATM_0142,1010.64404,34.956486
2025-11-03,ATM_0143,1576.502,45.729553
2025-11-03,ATM_0144,870.2869,28.600864
2025-11-03,ATM_0145,979.58026,35.16171
2025-11-03,ATM_0147,1164.8374,42.756817
2025-11-03,ATM_0149,1360.0951,42.094055
2025-11-03,ATM_0150,960.73425,33.690327
2025-11-03,ATM_0151,972.4844,31.702805
2025-11-03,ATM_0152,1018.05206,34.46685
2025-11-03,ATM_0153,675.9979,25.752438
2025-11-03,ATM_0154,761.9709,28.189417
2025-11-03,ATM_0155,958.53186,32.946304
2025-11-03,ATM_0156,943.2806,32.575897
2025-11-03,ATM_0157,817.58734,34.60063
2025-11-03,ATM_0158,982.50415,28.604343
2025-11-03,ATM_0159,849.1233,25.956444
2025-11-03,ATM_0160,898.4535,28.470997
2025-11-03,ATM_0162,1476.507,49.208958
2025-11-03,ATM_0163,1209.6633,42.789043
2025-11-03,ATM_0164,1624.2081,44.601757
2025-11-03,ATM_0166,1098.3447,42.361988
2025-11-03,ATM_0169,1348.6539,44.769817
2025-11-03,ATM_0170,676.8103,19.08352
2025-11-03,ATM_0172,1557.9043,46.82859
2025-11-03,ATM_0173,1336.9049,43.161705
2025-11-03,ATM_0174,1531.3767,44.014168
2025-11-03,ATM_0175,753.8364,27.652586
2025-11-03,ATM_0176,1512.2556,43.43918
2025-11-03,ATM_0178,1074.2147,32.959
2025-11-03,ATM_0179,1077.7854,27.505674
2025-11-03,ATM_0180,825.2781,34.396282
2025-11-03,ATM_0182,1147.813,39.95918
2025-11-03,ATM_0183,1334.2383,46.404728
2025-11-03,ATM_0184,671.85956,26.060257
2025-11-03,ATM_0185,518.2563,14.878602
2025-11-03,ATM_0186,895.4135,30.301044
2025-11-03,ATM_0187,662.7824,24.497824
2025-11-03,ATM_0188,1288.2786,36.88867
2025-11-03,ATM_0188,1284.0479,36.826164
2025-11-03,ATM_0189,1233.2184,41.64594
2025-11-03,ATM_0190,850.5867,28.466515
2025-11-03,ATM_0191,1127.1223,40.035282
2025-11-03,ATM_0192,557.69116,17.985191
2025-11-03,ATM_0193,672.8716,27.79704
2025-11-03,ATM_0194,779.06824,30.389572
2025-11-03,ATM_0196,883.33954,32.323013
2025-11-03,ATM_0197,958.1577,36.283443
2025-11-03,ATM_0198,1021.81274,34.888756
2025-11-03,ATM_0199,1182.7196,35.52359
2025-11-03,ATM_0200,685.98956,20.971695
2025-11-03,ATM_0202,906.97845,28.768562
2025-11-03,ATM_0203,1407.1989,40.685547
2025-11-03,ATM_0206,1027.2069,37.118576
2025-11-03,ATM_0207,762.0753,29.527363
2025-11-03,ATM_0208,541.4156,16.098255
2025-11-03,ATM_0209,1015.9114,25.389147
2025-11-03,ATM_0210,570.55273,21.599764
2025-11-03,ATM_0211,917.1226,35.50161
2025-11-03,ATM_0214,1228.7695,43.166054
2025-11-03,ATM_0215,882.68866,36.84915
2025-11-03,ATM_0216,849.3093,34.09664
2025-11-03,ATM_0217,811.80945,32.50703
2025-11-03,ATM_0219,907.1612,26.438028
2025-11-03,ATM_0220,738.4005,26.96361
2025-11-03,ATM_0221,456.94104,18.062683
2025-11-03,ATM_0222,948.56165,37.865685
2025-11-03,ATM_0223,1067.7042,40.50671
2025-11-03,ATM_0224,1132.1837,31.338202
2025-11-03,ATM_0225,892.04095,31.592834
2025-11-03,ATM_0226,813.6948,32.868626
2025-11-03,ATM_0227,1270.8748,45.825993
2025-11-03,ATM_0228,526.64417,20.310677
2025-11-03,ATM_0230,1695.6959,60.252113
2025-11-03,ATM_0231,939.4171,29.235209
2025-11-03,ATM_0233,604.49536,21.591387
2025-11-03,ATM_0234,1008.9643,35.915276
2025-11-03,ATM_0235,466.50827,16.683657
2025-11-03,ATM_0236,834.0184,26.844212
2025-11-03,ATM_0238,1638.502,54.720947
2025-11-03,ATM_0239,1102.7521,38.9836
2025-11-03,ATM_0240,938.0983,34.78732
2025-11-03,ATM_0241,1514.4363,48.69797
2025-11-03,ATM_0242,1205.491,48.876392
2025-11-03,ATM_0243,1207.6779,35.037846
2025-11-03,ATM_0244,944.5602,33.634823
2025-11-03,ATM_0245,1274.5145,34.862755
2025-11-03,ATM_0245,1290.8164,34.84275
2025-11-03,ATM_0246,832.7523,29.909098
2025-11-03,ATM_0247,861.8658,27.54079
2025-11-03,ATM_NEW_0,918.5005,33.477036
2025-11-03,ATM_NEW_1,966.40393,32.184
2025-11-03,ATM_NEW_2,701.48035,26.593178
2025-11-03,ATM_NEW_3,1124.9935,40.218918
2025-11-03,ATM_NEW_4,1105.695,42.223885
2025-11-04,ATM_0004,982.476,35.745327
2025-11-04,ATM_0005,1314.3983,46.238045
2025-11-04,ATM_0007,1118.68,35.95647
2025-11-04,ATM_0009,1266.9823,46.362206
2025-11-04,ATM_0010,1427.375,44.032482
2025-11-04,ATM_0011,1003.5049,33.92712
2025-11-04,ATM_0013,931.6966,32.931942
2025-11-04,ATM_0014,987.60803,34.8264
2025-11-04,ATM_0015,827.9067,29.40534
2025-11-04,ATM_0016,833.89496,28.83807
2025-11-04,ATM_0018,667.9512,25.368467
2025-11-04,ATM_0019,1402.8055,42.526505
2025-11-04,ATM_0020,675.4729,25.846798
2025-11-04,ATM_0021,1062.3765,38.10663
2025-11-04,ATM_0022,1240.5708,38.529465
2025-11-04,ATM_0023,1332.4435,48.88486
2025-11-04,ATM_0025,352.13095,15.926607
2025-11-04,ATM_0027,1643.6266,53.9311
2025-11-04,ATM_0028,1712.9479,53.95431
2025-11-04,ATM_0029,1004.5424,31.671413
2025-11-04,ATM_0031,959.47943,37.750397
2025-11-04,ATM_0032,1298.8818,37.405247
2025-11-04,ATM_0033,717.36664,26.65262
2025-11-04,ATM_0034,855.82965,31.400928
2025-11-04,ATM_0035,910.3388,34.166237
2025-11-04,ATM_0036,943.50616,38.2938
2025-11-04,ATM_0037,923.18634,29.016478
2025-11-04,ATM_0038,864.8667,27.800516
2025-11-04,ATM_0039,1192.7343,36.583523
2025-11-04,ATM_0040,856.49347,25.899586
2025-11-04,ATM_0041,1304.2975,35.624905
2025-11-04,ATM_0042,1291.8997,44.660355
2025-11-04,ATM_0043,1378.6395,50.459873
2025-11-04,ATM_0045,1168.8585,42.216545
2025-11-04,ATM_0046,953.30865,34.294155
2025-11-04,ATM_0047,821.98175,24.237713
2025-11-04,ATM_0048,847.87604,27.166157
2025-11-04,ATM_0049,905.24396,28.193586
2025-11-04,ATM_0050,1035.6843,39.118748
2025-11-04,ATM_0051,935.28186,34.701397
2025-11-04,ATM_0054,804.7657,28.488499
2025-11-04,ATM_0055,648.52856,24.285648
2025-11-04,ATM_0056,1010.2958,34.588257
2025-11-04,ATM_0058,1298.686,42.35836
2025-11-04,ATM_0059,1289.0319,43.51983
2025-11-04,ATM_0060,1311.1832,46.761143
2025-11-04,ATM_0061,1185.5684,41.021317
2025-11-04,ATM_0062,873.83014,27.309612
2025-11-04,ATM_0063,966.7675,38.61175
2025-11-04,ATM_0064,1198.4407,33.834953
2025-11-04,ATM_0065,833.5156,30.315458
2025-11-04,ATM_0066,738.02936,26.645975
2025-11-04,ATM_0067,656.82806,20.933357
2025-11-04,ATM_0068,1077.6604,35.60029
2025-11-04,ATM_0069,837.3193,30.907558
2025-11-04,ATM_0070,1049.2783,33.768898
2025-11-04,ATM_0075,1137.9106,36.884415
2025-11-04,ATM_0076,1297.8435,40.885754
2025-11-04,ATM_0077,1340.7151,44.918423
2025-11-04,ATM_0078,714.86224,22.833504
2025-11-04,ATM_0080,1320.0233,46.76645
2025-11-04,ATM_0081,1011.93427,36.301216
2025-11-04,ATM_0082,892.7767,31.070436
2025-11-04,ATM_0083,772.5118,27.125324
2025-11-04,ATM_0084,722.3166,23.189243
2025-11-04,ATM_0085,770.69293,27.921898
2025-11-04,ATM_0086,811.0393,24.623564
2025-11-04,ATM_0087,979.57513,35.696674
2025-11-04,ATM_0088,811.6858,30.405067
2025-11-04,ATM_0089,965.32465,28.337889
2025-11-04,ATM_0090,851.58374,31.894672
2025-11-04,ATM_0091,1014.69305,32.40125
2025-11-04,ATM_0092,729.44305,19.20254
2025-11-04,ATM_0093,835.10767,29.775772
2025-11-04,ATM_0095,1297.8875,45.49725
2025-11-04,ATM_0096,1548.5935,43.028694
2025-11-04,ATM_0097,1207.8676,41.571976
2025-11-04,ATM_0098,1219.1377,41.90012
2025-11-04,ATM_0099,1170.1808,41.884384
2025-11-04,ATM_0100,701.6264,21.859169
2025-11-04,ATM_0101,945.299,37.696404
2025-11-04,ATM_0102,928.6373,28.656317
2025-11-04,ATM_0103,500.1061,21.215532
2025-11-04,ATM_0104,1582.2745,50.93069
2025-11-04,ATM_0105,1072.1531,36.995533
2025-11-04,ATM_0106,677.8839,27.279255
2025-11-04,ATM_0108,1394.2921,42.892513
2025-11-04,ATM_0109,1640.9609,50.78714
2025-11-04,ATM_0109,1419.5773,47.48807
2025-11-04,ATM_0110,1069.4944,40.652744
2025-11-04,ATM_0114,950.703,28.568792
2025-11-04,ATM_0115,1085.6042,41.349663
2025-11-04,ATM_0116,1254.0128,43.37502
2025-11-04,ATM_0118,622.09564,19.186647
2025-11-04,ATM_0119,792.7112,29.39507
2025-11-04,ATM_0120,725.76904,25.484177
2025-11-04,ATM_0121,893.1612,32.091427
2025-11-04,ATM_0122,1212.3362,36.896873
2025-11-04,ATM_0123,911.28314,26.532495
2025-11-04,ATM_0124,1095.9977,40.109352
2025-11-04,ATM_0125,1194.3303,43.260494
2025-11-04,ATM_0126,1221.0277,43.71731
2025-11-04,ATM_0128,1032.4905,37.50758
2025-11-04,ATM_0129,1169.2045,35.185596
2025-11-04,ATM_0130,1075.3761,33.314564
2025-11-04,ATM_0131,655.5335,24.476963
2025-11-04,ATM_0132,687.53815,22.084103
2025-11-04,ATM_0133,1249.1868,41.571945
2025-11-04,ATM_0133,1265.2295,41.189667
2025-11-04,ATM_0134,535.5663,17.971188
2025-11-04,ATM_0135,587.5774,25.00652
2025-11-04,ATM_0136,555.5324,23.815062
2025-11-04,ATM_0137,1367.426,45.067608
2025-11-04,ATM_0138,510.50952,22.267439
2025-11-04,ATM_0139,839.4831,29.815956
2025-11-04,ATM_0140,1412.4576,46.30224
2025-11-04,ATM_0141,1208.3558,41.167656
2025-11-04,ATM_0142,1438.0186,43.036957
2025-11-04,ATM_0143,1302.9973,39.868656
2025-11-04,ATM_0144,722.5681,25.017776
2025-11-04,ATM_0145,1061.7874,37.670876
2025-11-04,ATM_0147,1303.131,49.089657
2025-11-04,ATM_0149,844.24084,31.28613
2025-11-04,ATM_0150,856.32135,31.784807
2025-11-04,ATM_0151,689.7289,25.222511
2025-11-04,ATM_0152,946.52356,33.420914
2025-11-04,ATM_0153,940.31793,32.19765
2025-11-04,ATM_0154,913.48566,31.510368
2025-11-04,ATM_0155,644.23126,24.569641
2025-11-04,ATM_0157,1419.1547,50.607952
2025-11-04,ATM_0158,1121.9902,31.544971
2025-11-04,ATM_0159,915.81714,27.916353
2025-11-04,ATM_0160,1256.3435,37.522602
2025-11-04,ATM_0162,1324.0458,45.44986
2025-11-04,ATM_0163,1323.4287,46.349007
2025-11-04,ATM_0164,1300.5,38.49751
2025-11-04,ATM_0166,1088.2832,41.873108
2025-11-04,ATM_0168,958.4843,32.08687
2025-11-04,ATM_0169,1202.2776,42.283726
2025-11-04,ATM_0170,680.18225,19.033207
2025-11-04,ATM_0172,1398.6821,43.017242
2025-11-04,ATM_0173,1032.3895,36.432045
2025-11-04,ATM_0174,961.5045,34.02844
2025-11-04,ATM_0175,742.0622,27.634918
2025-11-04,ATM_0176,1449.7711,41.137253
2025-11-04,ATM_0177,1407.411,42.41811
2025-11-04,ATM_0178,912.83264,28.949297
2025-11-04,ATM_0179,1031.4783,27.57961
2025-11-04,ATM_0180,1025.8904,41.68324
2025-11-04,ATM_0182,941.6884,33.886868
2025-11-04,ATM_0184,1094.4834,37.91256
2025-11-04,ATM_0185,818.20856,21.390076
2025-11-04,ATM_0186,748.6547,27.735823
2025-11-04,ATM_0187,612.217,22.21166
2025-11-04,ATM_0189,1062.0773,36.33443
2025-11-04,ATM_0190,1367.3862,42.31355
2025-11-04,ATM_0191,795.39075,31.155514
2025-11-04,ATM_0192,770.0654,23.900019
2025-11-04,ATM_0193,1056.8083,41.28128
2025-11-04,ATM_0194,831.0561,31.155743
2025-11-04,ATM_0196,1264.4985,43.91437
2025-11-04,ATM_0197,1295.1064,45.704983
2025-11-04,ATM_0198,741.21906,27.02782
2025-11-04,ATM_0199,1157.7616,35.177586
2025-11-04,ATM_0200,563.79913,17.603533
2025-11-04,ATM_0202,974.94775,31.825947
2025-11-04,ATM_0203,1261.491,36.24986
2025-11-04,ATM_0206,1239.5636,41.39446
2025-11-04,ATM_0207,599.7177,24.642313
2025-11-04,ATM_0208,657.46765,19.042995
2025-11-04,ATM_0209,1008.8545,23.951101
2025-11-04,ATM_0210,634.51025,23.161312
2025-11-04,ATM_0211,1047.8535,38.04516
2025-11-04,ATM_0212,641.5858,24.530891
2025-11-04,ATM_0213,1792.5923,58.398052
2025-11-04,ATM_0214,1186.5765,42.61843
2025-11-04,ATM_0215,1121.7028,44.612392
2025-11-04,ATM_0216,815.2514,34.047115
2025-11-04,ATM_0217,812.5237,33.02416
2025-11-04,ATM_0219,930.1972,28.04208
2025-11-04,ATM_0220,733.36395,26.151781
2025-11-04,ATM_0221,867.66724,27.734308
2025-11-04,ATM_0222,1187.7334,47.836445
2025-11-04,ATM_0223,1035.8169,38.86264
2025-11-04,ATM_0225,1077.9712,35.252796
2025-11-04,ATM_0226,1167.7518,44.663807
2025-11-04,ATM_0227,1057.4088,40.52607
2025-11-04,ATM_0230,1197.1613,42.519936
2025-11-04,ATM_0231,1095.8271,31.440496
2025-11-04,ATM_0233,1420.1715,39.751274
2025-11-04,ATM_0234,979.36194,36.034176
2025-11-04,ATM_0236,960.8975,29.936537
2025-11-04,ATM_0238,1411.7865,47.595924
2025-11-04,ATM_0239,1054.0841,38.029892
2025-11-04,ATM_0240,1057.216,37.03144
2025-11-04,ATM_0241,1146.8191,40.31204
2025-11-04,ATM_0242,1537.551,55.786034
2025-11-04,ATM_0243,918.1178,30.2362
2025-11-04,ATM_0244,925.7741,34.061657
2025-11-04,ATM_0245,851.45166,26.238873
2025-11-04,ATM_0247,629.80133,20.730883
2025-11-04,ATM_0248,945.25793,34.524467
2025-11-04,ATM_0250,1107.4314,40.700687
2025-11-04,ATM_NEW_0,1411.5743,47.319824
2025-11-04,ATM_NEW_0,1436.7976,47.61149
2025-11-04,ATM_NEW_1,874.7588,28.956753
2025-11-04,ATM_NEW_2,1044.9612,36.720833
2025-11-04,ATM_NEW_3,928.09534,34.657646
2025-11-04,ATM_NEW_4,1108.9319,37.890728
2025-11-05,ATM_0004,1109.6144,40.050625
2025-11-05,ATM_0005,1088.0573,39.89081
2025-11-05,ATM_0006,714.3525,26.039156
2025-11-05,ATM_0007,831.57996,30.895952
2025-11-05,ATM_0010,1064.492,36.911514
2025-11-05,ATM_0011,798.6351,27.995966
2025-11-05,ATM_0013,776.5081,27.883156
2025-11-05,ATM_0015,682.9974,24.804676
2025-11-05,ATM_0016,881.6199,29.806393
2025-11-05,ATM_0018,839.55963,29.643066
2025-11-05,ATM_0019,1477.1398,41.35036
2025-11-05,ATM_0020,923.7382,33.019234
2025-11-05,ATM_0021,1293.9327,45.10522
2025-11-05,ATM_0022,953.4238,30.797125
2025-11-05,ATM_0023,1144.035,43.497
2025-11-05,ATM_0025,643.3743,26.01858
2025-11-05,ATM_0027,1036.6968,40.596367
2025-11-05,ATM_0028,1524.3314,49.87005
2025-11-05,ATM_0029,1424.4208,40.509945
2025-11-05,ATM_0031,895.79443,36.54622
2025-11-05,ATM_0032,970.8374,29.357273
2025-11-05,ATM_0033,722.7165,27.031796
2025-11-05,ATM_0034,954.2347,34.378742
2025-11-05,ATM_0035,1114.2047,40.878765
2025-11-05,ATM_0036,950.73566,39.17617
2025-11-05,ATM_0037,811.34174,24.977345
2025-11-05,ATM_0038,1246.1133,37.06806
2025-11-05,ATM_0039,941.5455,28.705194
2025-11-05,ATM_0040,796.9766,23.522766
2025-11-05,ATM_0041,865.2884,27.359278
2025-11-05,ATM_0042,1008.47705,37.492706
2025-11-05,ATM_0043,1838.8623,54.075798
2025-11-05,ATM_0045,1742.9338,50.662884
2025-11-05,ATM_0046,1416.4032,47.632202
2025-11-05,ATM_0047,617.8401,19.255081
2025-11-05,ATM_0048,1019.1698,31.03823
2025-11-05,ATM_0049,891.4675,26.152544
2025-11-05,ATM_0050,1085.6804,40.780144
2025-11-05,ATM_0051,827.60596,32.51632
2025-11-05,ATM_0052,815.5336,24.220095
2025-11-05,ATM_0054,501.91818,19.657389
2025-11-05,ATM_0055,677.65796,24.708033
2025-11-05,ATM_0056,1006.7793,33.037228
2025-11-05,ATM_0058,1695.171,49.493675
2025-11-05,ATM_0060,1275.174,46.03819
2025-11-05,ATM_0061,1071.5514,35.931084
2025-11-05,ATM_0062,1013.6736,29.832382
2025-11-05,ATM_0064,1297.2948,39.475784
2025-11-05,ATM_0065,804.0763,30.034237
2025-11-05,ATM_0066,794.02936,29.172651
2025-11-05,ATM_0067,1006.3353,29.554138
2025-11-05,ATM_0068,532.8491,20.89374
2025-11-05,ATM_0069,1308.1671,45.762768
2025-11-05,ATM_0070,1300.3257,39.12176
2025-11-05,ATM_0074,1092.5497,35.816532
2025-11-05,ATM_0075,1081.53,37.575226
2025-11-05,ATM_0076,1120.9075,38.51266
2025-11-05,ATM_0077,1568.2322,52.708603
2025-11-05,ATM_0078,1044.2687,30.725655
2025-11-05,ATM_0080,1297.9407,46.153866
2025-11-05,ATM_0081,546.1554,21.439882
2025-11-05,ATM_0082,772.2275,29.418247
2025-11-05,ATM_0084,1039.091,30.665806
2025-11-05,ATM_0085,668.34235,24.695446
2025-11-05,ATM_0086,529.1371,17.31299
2025-11-05,ATM_0087,724.085,27.763851
2025-11-05,ATM_0088,771.1928,29.547611
2025-11-05,ATM_0089,714.006,22.882666
2025-11-05,ATM_0090,634.147,25.47797
2025-11-05,ATM_0091,907.6498,31.648264
2025-11-05,ATM_0093,881.12463,28.981625
2025-11-05,ATM_0095,1039.719,35.953888
2025-11-05,ATM_0097,1250.1725,47.255642
2025-11-05,ATM_0098,797.9106,30.54339
2025-11-05,ATM_0099,1241.9681,43.80091
2025-11-05,ATM_0100,603.14044,19.548193
2025-11-05,ATM_0101,915.99994,35.15371
2025-11-05,ATM_0103,430.17212,18.456902
2025-11-05,ATM_0104,1070.9011,39.109173
2025-11-05,ATM_0105,996.46844,35.377155
2025-11-05,ATM_0106,755.2335,31.216373
2025-11-05,ATM_0108,980.10785,32.169437
2025-11-05,ATM_0109,902.5769,32.639423
2025-11-05,ATM_0110,874.9363,32.234695
2025-11-05,ATM_0111,1125.7153,39.443237
2025-11-05,ATM_0112,1267.5635,42.41152
2025-11-05,ATM_0113,1216.8534,44.01933
2025-11-05,ATM_0114,932.0186,27.127262
2025-11-05,ATM_0115,1288.789,45.391155
2025-11-05,ATM_0116,986.6214,33.854385
2025-11-05,ATM_0118,751.47394,23.280602
2025-11-05,ATM_0119,670.90796,25.460924
2025-11-05,ATM_0120,922.4969,31.099926
2025-11-05,ATM_0121,1443.1149,48.700794
2025-11-05,ATM_0122,1243.2021,38.683308
2025-11-05,ATM_0123,1070.48,30.870243
2025-11-05,ATM_0124,1080.4905,41.51276
2025-11-05,ATM_0125,1344.2347,49.129047
2025-11-05,ATM_0126,1574.2365,52.41764
2025-11-05,ATM_0128,1202.9474,42.205368
2025-11-05,ATM_0129,947.62976,30.014784
2025-11-05,ATM_0130,1498.2965,41.27858
2025-11-05,ATM_0131,803.55206,27.478712
2025-11-05,ATM_0132,734.8305,23.11687
2025-11-05,ATM_0133,1154.304,39.50738
2025-11-05,ATM_0134,727.3226,22.251245
2025-11-05,ATM_0135,834.1665,32.334663
2025-11-05,ATM_0136,905.96155,34.349804
2025-11-05,ATM_0137,1343.1376,44.300034
2025-11-05,ATM_0138,466.97464,20.612282
2025-11-05,ATM_0139,1035.2875,34.850735
2025-11-05,ATM_0140,1042.256,38.197594
2025-11-05,ATM_0141,1109.0219,37.963028
2025-11-05,ATM_0142,615.6062,23.390347
2025-11-05,ATM_0143,657.5125,22.334927
2025-11-05,ATM_0144,712.05164,23.963312
2025-11-05,ATM_0145,938.8124,34.012497
2025-11-05,ATM_0147,1005.3684,38.09959
2025-11-05,ATM_0149,667.4582,25.50097
2025-11-05,ATM_0150,1408.9163,44.948383
2025-11-05,ATM_0151,901.3799,31.827818
2025-11-05,ATM_0152,1179.1599,39.25363
2025-11-05,ATM_0153,494.00525,22.753284
2025-11-05,ATM_0154,659.26166,24.731058
2025-11-05,ATM_0155,901.8585,29.867922
2025-11-05,ATM_0156,992.0468,32.19412
2025-11-05,ATM_0157,1344.3079,49.27507
2025-11-05,ATM_0158,747.12665,24.992157
2025-11-05,ATM_0159,812.2227,25.460205
2025-11-05,ATM_0160,1041.8645,32.826878
2025-11-05,ATM_0161,1016.2009,33.895294
2025-11-05,ATM_0162,1030.317,38.270077
2025-11-05,ATM_0163,1425.61,48.459732
2025-11-05,ATM_0166,859.7379,34.963104
2025-11-05,ATM_0168,1199.9371,37.853973
2025-11-05,ATM_0169,1292.1969,45.388668
2025-11-05,ATM_0170,932.6577,22.727175
2025-11-05,ATM_0172,1336.38,42.01716
2025-11-05,ATM_0173,1106.1901,36.392216
2025-11-05,ATM_0174,937.12213,33.125374
2025-11-05,ATM_0175,793.7337,27.083652
2025-11-05,ATM_0176,1308.1216,39.423492
2025-11-05,ATM_0177,1679.4476,45.283188
2025-11-05,ATM_0179,1062.6548,27.884892
2025-11-05,ATM_0180,1438.2437,50.457188
2025-11-05,ATM_0182,839.4342,32.014545
2025-11-05,ATM_0183,1101.7637,39.79811
2025-11-05,ATM_0184,707.97406,26.331593
2025-11-05,ATM_0185,579.07324,15.852988
2025-11-05,ATM_0186,1044.7318,34.804684
2025-11-05,ATM_0187,653.4428,25.23909
2025-11-05,ATM_0188,986.3907,30.888493
2025-11-05,ATM_0189,604.3377,22.336279
2025-11-05,ATM_0190,1356.2506,43.225925
2025-11-05,ATM_0191,1125.2288,40.70921
2025-11-05,ATM_0192,1057.8772,29.58951
2025-11-05,ATM_0193,1094.8396,42.01852
2025-11-05,ATM_0194,865.58417,30.964468
2025-11-05,ATM_0196,688.1862,25.876354
2025-11-05,ATM_0197,1690.801,55.06294
2025-11-05,ATM_0198,803.68097,27.664646
2025-11-05,ATM_0199,1141.1715,34.839813
2025-11-05,ATM_0200,686.21265,21.106764
2025-11-05,ATM_0202,1094.9609,33.974663
2025-11-05,ATM_0203,1327.967,39.517628
2025-11-05,ATM_0206,828.4495,30.021328
2025-11-05,ATM_0207,946.9737,36.93938
2025-11-05,ATM_0208,573.47687,16.582869
2025-11-05,ATM_0209,656.98584,19.108402
2025-11-05,ATM_0210,664.8401,22.935947
2025-11-05,ATM_0211,811.9726,32.06706
2025-11-05,ATM_0212,954.1855,32.53939
2025-11-05,ATM_0213,1384.9563,48.320404
2025-11-05,ATM_0214,1396.2462,45.388855
2025-11-05,ATM_0215,1072.4376,40.917393
2025-11-05,ATM_0216,1071.975,40.758293
2025-11-05,ATM_0217,851.8009,34.746017
2025-11-05,ATM_0218,1134.6455,39.11206
2025-11-05,ATM_0219,1013.8826,29.650871
2025-11-05,ATM_0220,639.38434,24.292553
2025-11-05,ATM_0221,559.1468,21.000956
2025-11-05,ATM_0222,1366.5167,52.607117
2025-11-05,ATM_0224,828.6912,24.255253
2025-11-05,ATM_0225,961.7703,31.968185
2025-11-05,ATM_0226,990.8637,37.718315
2025-11-05,ATM_0227,1500.4714,49.98309
2025-11-05,ATM_0228,1100.8549,35.905506
2025-11-05,ATM_0230,1053.7722,38.083603
2025-11-05,ATM_0231,813.10535,25.432928
2025-11-05,ATM_0233,1161.0922,32.700993
2025-11-05,ATM_0234,1204.6357,41.8649
2025-11-05,ATM_0235,570.48486,19.510565
2025-11-05,ATM_0236,573.0935,18.7044
2025-11-05,ATM_0238,1246.4957,44.379227
2025-11-05,ATM_0239,828.8954,32.19953
2025-11-05,ATM_0240,1341.1266,43.42168
2025-11-05,ATM_0241,1108.1902,40.43556
2025-11-05,ATM_0242,1940.0621,58.974144
2025-11-05,ATM_0243,834.6238,28.247126
2025-11-05,ATM_0244,640.857,24.313112
2025-11-05,ATM_0245,965.5615,27.038755
2025-11-05,ATM_0247,1296.7205,36.412987
2025-11-05,ATM_0248,1242.7034,41.67572
2025-11-05,ATM_0250,1249.2922,43.91283
2025-11-05,ATM_NEW_0,719.9311,27.248016
2025-11-05,ATM_NEW_1,648.3214,24.182495
2025-11-05,ATM_NEW_2,849.6102,32.38375
2025-11-05,ATM_NEW_3,889.0668,32.82254
2025-11-05,ATM_NEW_4,1177.9237,39.968513
2025-11-06,ATM_0004,1036.4148,38.370407
2025-11-06,ATM_0005,998.0678,35.252823
2025-11-06,ATM_0006,1100.8453,37.399605
2025-11-06,ATM_0007,1141.0157,38.065643
2025-11-06,ATM_0009,709.8765,27.522078
2025-11-06,ATM_0010,1420.6779,47.70051
2025-11-06,ATM_0011,915.7039,32.045086
2025-11-06,ATM_0014,1012.0236,36.510284
2025-11-06,ATM_0015,966.4593,33.206295
2025-11-06,ATM_0016,996.761,32.731888
2025-11-06,ATM_0018,746.61316,28.340588
2025-11-06,ATM_0019,1432.5361,42.85292
2025-11-06,ATM_0020,552.9341,23.20369
2025-11-06,ATM_0021,1100.9021,38.912037
2025-11-06,ATM_0022,816.3412,25.847822
2025-11-06,ATM_0025,781.80695,29.805893
2025-11-06,ATM_0027,1110.9927,40.53634
2025-11-06,ATM_0028,1398.6721,48.297794
2025-11-06,ATM_0029,1060.3779,33.299973
2025-11-06,ATM_0031,1013.7191,39.13991
2025-11-06,ATM_0032,1031.1268,31.51267
2025-11-06,ATM_0033,732.9236,27.561594
2025-11-06,ATM_0034,896.9185,33.72207
2025-11-06,ATM_0035,1257.869,44.00435
2025-11-06,ATM_0036,1091.4333,43.908825
2025-11-06,ATM_0037,758.62897,24.46959
2025-11-06,ATM_0038,1160.6123,34.60193
2025-11-06,ATM_0039,1098.6141,33.23472
2025-11-06,ATM_0040,1064.5991,29.051945
2025-11-06,ATM_0041,1340.966,35.54053
2025-11-06,ATM_0042,1080.012,37.42601
2025-11-06,ATM_0045,1143.7325,38.86169
2025-11-06,ATM_0046,1313.8069,45.653233
2025-11-06,ATM_0047,667.5108,20.248886
2025-11-06,ATM_0048,852.3032,27.623123
2025-11-06,ATM_0049,693.8231,21.816263
2025-11-06,ATM_0050,1160.1405,40.31855
2025-11-06,ATM_0051,460.59128,20.131998
2025-11-06,ATM_0052,1055.1511,28.759542
2025-11-06,ATM_0054,766.8265,26.938965
2025-11-06,ATM_0055,363.57166,14.952844
2025-11-06,ATM_0056,636.77826,23.904799
2025-11-06,ATM_0058,1365.3031,42.414787
2025-11-06,ATM_0059,1005.5124,34.533478
2025-11-06,ATM_0060,1009.8797,35.50151
2025-11-06,ATM_0062,786.87177,25.331358
2025-11-06,ATM_0063,780.22815,33.152073
2025-11-06,ATM_0064,973.679,30.636715
2025-11-06,ATM_0065,734.7705,27.521221
2025-11-06,ATM_0066,874.98267,31.64884
2025-11-06,ATM_0067,868.5815,26.150505
2025-11-06,ATM_0068,610.3913,22.062191
2025-11-06,ATM_0069,1030.7435,37.517643
2025-11-06,ATM_0070,1014.79285,32.764305
2025-11-06,ATM_0074,873.8635,32.09218
2025-11-06,ATM_0075,1076.7838,36.91248
2025-11-06,ATM_0076,796.86707,29.967354
2025-11-06,ATM_0077,1267.0608,46.490555
2025-11-06,ATM_0078,1102.1586,31.476088
2025-11-06,ATM_0080,1381.006,46.058098
2025-11-06,ATM_0081,800.37146,28.406979
2025-11-06,ATM_0082,998.1131,35.224148
2025-11-06,ATM_0083,659.3202,24.802547
2025-11-06,ATM_0084,930.485,28.189306
2025-11-06,ATM_0085,869.73956,30.008188
2025-11-06,ATM_0086,760.6038,23.330065
2025-11-06,ATM_0087,881.6207,32.16652
2025-11-06,ATM_0088,949.09064,34.617493
2025-11-06,ATM_0089,971.5615,29.290167
2025-11-06,ATM_0090,527.2667,22.191021
2025-11-06,ATM_0091,1100.898,35.7812
2025-11-06,ATM_0092,809.7304,21.568071
2025-11-06,ATM_0093,843.0797,28.72294
2025-11-06,ATM_0095,954.7992,34.40165
2025-11-06,ATM_0096,1450.5876,40.25199
2025-11-06,ATM_0098,1234.3159,42.141335
2025-11-06,ATM_0099,1155.3865,40.886513
2025-11-06,ATM_0100,427.5548,14.955065
2025-11-06,ATM_0101,822.9838,33.65644
2025-11-06,ATM_0102,1000.1776,29.023155
2025-11-06,ATM_0103,794.6665,30.469894
2025-11-06,ATM_0104,1081.7908,38.28581
2025-11-06,ATM_0105,888.4719,31.438456
2025-11-06,ATM_0106,433.86746,19.935753
2025-11-06,ATM_0109,790.7792,29.18946
2025-11-06,ATM_0110,759.4488,30.064093
2025-11-06,ATM_0111,1144.8674,40.540104
2025-11-06,ATM_0112,947.9153,33.163105
2025-11-06,ATM_0113,1513.9551,48.711697
2025-11-06,ATM_0114,884.03516,25.12109
2025-11-06,ATM_0115,713.35913,29.054827
2025-11-06,ATM_0118,499.33682,17.366383
2025-11-06,ATM_0119,598.38324,24.552576
2025-11-06,ATM_0120,535.7201,20.387356
2025-11-06,ATM_0121,1080.8644,38.18223
2025-11-06,ATM_0122,1014.3565,32.08754
2025-11-06,ATM_0123,1098.298,30.251358
2025-11-06,ATM_0125,688.0801,28.591225
2025-11-06,ATM_0126,1195.9187,42.277515
2025-11-06,ATM_0128,1526.3119,44.758972
2025-11-06,ATM_0128,1519.6698,45.509266
2025-11-06,ATM_0129,987.1438,30.903551
2025-11-06,ATM_0130,1243.0912,35.450714
2025-11-06,ATM_0131,760.496,26.78533
2025-11-06,ATM_0133,882.70764,33.297585
2025-11-06,ATM_0134,358.0705,13.105764
2025-11-06,ATM_0135,846.1781,31.531488
2025-11-06,ATM_0136,787.78485,31.517002
2025-11-06,ATM_0137,837.13306,32.178303
2025-11-06,ATM_0138,691.8443,27.631813
2025-11-06,ATM_0139,1244.643,41.573822
2025-11-06,ATM_0140,1216.4707,42.724342
2025-11-06,ATM_0141,844.62103,32.068214
2025-11-06,ATM_0142,754.5008,25.551111
2025-11-06,ATM_0143,1755.0309,48.42642
2025-11-06,ATM_0144,692.4872,23.761127
2025-11-06,ATM_0145,855.51025,30.038567
2025-11-06,ATM_0147,1088.2843,41.687496
2025-11-06,ATM_0149,799.3465,29.974236
2025-11-06,ATM_0150,1000.51855,35.220936
2025-11-06,ATM_0151,806.9691,29.145573
2025-11-06,ATM_0153,542.98285,21.38279
2025-11-06,ATM_0154,604.9549,22.595074
2025-11-06,ATM_0155,1032.8453,32.787537
2025-11-06,ATM_0156,766.26025,27.527239
2025-11-06,ATM_0158,862.9498,26.686094
2025-11-06,ATM_0159,1159.2998,33.0583
2025-11-06,ATM_0160,873.36847,27.761135
2025-11-06,ATM_0161,986.80743,34.54523
2025-11-06,ATM_0162,1032.5171,38.45473
2025-11-06,ATM_0163,1257.9753,45.890575
2025-11-06,ATM_0164,1064.055,33.80548
2025-11-06,ATM_0166,787.6295,31.63157
2025-11-06,ATM_0168,1386.4196,42.39613
2025-11-06,ATM_0169,922.511,32.603336
2025-11-06,ATM_0170,543.51154,16.33606
2025-11-06,ATM_0172,1121.4202,35.953007
2025-11-06,ATM_0173,681.5114,26.043392
2025-11-06,ATM_0174,1142.1807,38.09916
2025-11-06,ATM_0175,712.9488,25.954605
2025-11-06,ATM_0176,1278.5173,38.196827
2025-11-06,ATM_0177,1390.4332,42.684956
2025-11-06,ATM_0178,1137.4926,35.187695
2025-11-06,ATM_0179,811.1183,22.478062
2025-11-06,ATM_0180,1200.0752,43.36703
2025-11-06,ATM_0182,998.5453,35.330048
2025-11-06,ATM_0183,1291.6149,43.272408
2025-11-06,ATM_0184,990.10583,33.323826
2025-11-06,ATM_0185,991.39124,26.993834
2025-11-06,ATM_0186,1017.6906,33.276333
2025-11-06,ATM_0187,634.87946,23.251709
2025-11-06,ATM_0188,1093.9924,33.25203
2025-11-06,ATM_0189,1274.1119,42.36146
2025-11-06,ATM_0190,865.9487,29.59482
2025-11-06,ATM_0191,1118.8295,40.29782
2025-11-06,ATM_0192,571.73755,17.56099
2025-11-06,ATM_0193,769.3268,30.257103
2025-11-06,ATM_0194,544.0472,21.993223
2025-11-06,ATM_0196,1291.3395,44.539112
2025-11-06,ATM_0197,1547.7123,49.34117
2025-11-06,ATM_0198,816.3365,29.480927
2025-11-06,ATM_0199,886.9345,27.683228
2025-11-06,ATM_0202,1111.7538,33.755993
2025-11-06,ATM_0203,1052.1444,32.75533
2025-11-06,ATM_0206,744.0629,28.1254
2025-11-06,ATM_0207,900.96606,33.451538
2025-11-06,ATM_0208,843.8794,21.388592
2025-11-06,ATM_0209,578.17334,16.045938
2025-11-06,ATM_0210,559.06244,21.790358
2025-11-06,ATM_0211,999.6364,36.723953
2025-11-06,ATM_0212,768.7474,27.453072
2025-11-06,ATM_0213,1250.2441,45.986168
2025-11-06,ATM_0214,1351.0874,45.190643
2025-11-06,ATM_0215,973.08014,38.75596
2025-11-06,ATM_0217,703.26263,28.7384
2025-11-06,ATM_0218,711.9126,28.396353
2025-11-06,ATM_0219,828.4594,25.231823
2025-11-06,ATM_0220,711.5683,25.674845
2025-11-06,ATM_0221,363.00363,14.666732
2025-11-06,ATM_0222,1089.6736,41.939087
2025-11-06,ATM_0223,801.53705,33.976948
2025-11-06,ATM_0224,892.6778,25.4727
2025-11-06,ATM_0225,482.8293,19.683262
2025-11-06,ATM_0226,511.27353,23.104494
2025-11-06,ATM_0227,1287.1951,44.89777
2025-11-06,ATM_0228,756.54364,27.56054
2025-11-06,ATM_0230,1480.2605,51.417397
2025-11-06,ATM_0231,1407.2579,39.025875
2025-11-06,ATM_0231,1404.5745,39.434204
2025-11-06,ATM_0233,1064.1866,33.06138
2025-11-06,ATM_0234,1220.2769,40.600533
2025-11-06,ATM_0235,782.73883,24.481081
2025-11-06,ATM_0236,758.89923,25.026096
2025-11-06,ATM_0238,1214.8933,42.266796
2025-11-06,ATM_0239,698.59784,27.455643
2025-11-06,ATM_0240,1130.4888,38.755543
2025-11-06,ATM_0241,1435.8724,49.933945
2025-11-06,ATM_0242,993.8872,40.541103
2025-11-06,ATM_0243,1012.9752,31.002716
2025-11-06,ATM_0244,941.8372,34.35262
2025-11-06,ATM_0245,907.3565,26.800055
2025-11-06,ATM_0246,1035.8895,35.628887
2025-11-06,ATM_0248,1043.7524,36.875175
2025-11-06,ATM_0250,1506.3538,50.37068
2025-11-06,ATM_NEW_0,869.566,31.450539
2025-11-06,ATM_NEW_1,844.8215,29.253761
2025-11-06,ATM_NEW_2,673.00916,24.932438
2025-11-06,ATM_NEW_3,1424.7993,48.104103
2025-11-06,ATM_NEW_3,1417.7644,48.143326
2025-11-07,ATM_0004,962.3462,34.965343
2025-11-07,ATM_0005,925.9288,34.954617
2025-11-07,ATM_0006,1020.5123,33.029827
2025-11-07,ATM_0007,1196.1213,41.430447
2025-11-07,ATM_0009,1529.9196,52.93297
2025-11-07,ATM_0010,1448.1353,48.36366
2025-11-07,ATM_0011,839.01996,29.623741
2025-11-07,ATM_0013,595.7283,22.774622
2025-11-07,ATM_0014,1245.1354,43.16025
2025-11-07,ATM_0015,625.63477,22.277565
2025-11-07,ATM_0016,717.8711,24.281815
2025-11-07,ATM_0018,738.7595,26.179165
2025-11-07,ATM_0019,922.56824,30.798391
2025-11-07,ATM_0020,727.73596,27.866909
2025-11-07,ATM_0021,1228.5831,41.984577
2025-11-07,ATM_0022,1038.4781,33.13753
2025-11-07,ATM_0023,1225.7089,44.520725
2025-11-07,ATM_0025,604.97394,23.611902
2025-11-07,ATM_0027,1058.6874,38.38385
2025-11-07,ATM_0028,1586.2802,50.85392
2025-11-07,ATM_0029,1412.4623,41.658398
2025-11-07,ATM_0031,941.54865,38.044598
2025-11-07,ATM_0032,1140.055,33.475258
2025-11-07,ATM_0033,1319.9131,38.35599
2025-11-07,ATM_0034,914.6236,33.219902
2025-11-07,ATM_0035,1039.1862,35.385986
2025-11-07,ATM_0036,1316.7155,47.833218
2025-11-07,ATM_0037,1247.1776,36.002518
2025-11-07,ATM_0038,1030.3873,30.417095
2025-11-07,ATM_0039,953.5813,27.463093
2025-11-07,ATM_0040,789.8246,22.882126
2025-11-07,ATM_0041,1222.3605,34.140953
2025-11-07,ATM_0042,1294.693,42.21667
2025-11-07,ATM_0043,1392.9275,43.78113
2025-11-07,ATM_0045,1244.1755,44.003555
2025-11-07,ATM_0046,1134.6027,41.01632
2025-11-07,ATM_0047,892.30884,24.923567
2025-11-07,ATM_0048,1453.5615,40.68056
2025-11-07,ATM_0049,975.1758,30.368736
2025-11-07,ATM_0050,1224.6622,42.279278
2025-11-07,ATM_0051,536.1312,22.320377
2025-11-07,ATM_0052,602.9273,18.706236
2025-11-07,ATM_0054,863.06476,27.227959
2025-11-07,ATM_0056,1120.0562,37.28456
2025-11-07,ATM_0058,1728.5135,48.91802
2025-11-07,ATM_0059,1052.1956,37.30461
2025-11-07,ATM_0060,1106.7594,38.8802
2025-11-07,ATM_0061,1014.99725,35.327763
2025-11-07,ATM_0062,772.01697,23.58401
2025-11-07,ATM_0063,1020.9289,41.14296
2025-11-07,ATM_0064,1382.211,36.279255
2025-11-07,ATM_0066,838.3221,29.133738
2025-11-07,ATM_0067,1019.29724,28.033627
2025-11-07,ATM_0068,613.01196,23.188217
2025-11-07,ATM_0069,978.69415,36.081295
2025-11-07,ATM_0070,1715.376,46.85162
2025-11-07,ATM_0074,936.4268,32.660355
2025-11-07,ATM_0075,961.2439,31.8304
2025-11-07,ATM_0076,800.1613,29.675098
2025-11-07,ATM_0077,1194.8165,39.798832
2025-11-07,ATM_0078,620.5834,19.287626
2025-11-07,ATM_0080,1111.8901,40.185177
2025-11-07,ATM_0081,802.9143,29.108587
2025-11-07,ATM_0082,1380.7931,44.69098
2025-11-07,ATM_0083,508.89084,19.178688
2025-11-07,ATM_0084,1013.9485,29.890465
2025-11-07,ATM_0085,740.1411,25.24899
2025-11-07,ATM_0086,1252.487,34.05748
2025-11-07,ATM_0087,535.6228,20.371647
2025-11-07,ATM_0088,510.2747,21.172201
2025-11-07,ATM_0089,1134.148,32.080456
2025-11-07,ATM_0090,460.29443,20.6141
2025-11-07,ATM_0091,844.436,29.81288
2025-11-07,ATM_0092,480.69193,14.459497
2025-11-07,ATM_0093,374.42334,15.601374
2025-11-07,ATM_0096,1203.8513,36.58359
2025-11-07,ATM_0097,1499.9088,50.782166
2025-11-07,ATM_0098,1026.2728,37.465607
2025-11-07,ATM_0099,1052.7864,36.59
2025-11-07,ATM_0100,819.07196,25.599886
2025-11-07,ATM_0101,997.93353,37.96431
2025-11-07,ATM_0102,759.8811,24.111998
2025-11-07,ATM_0103,718.78485,26.056
2025-11-07,ATM_0104,1601.6566,50.673206
2025-11-07,ATM_0105,890.5569,31.453207
2025-11-07,ATM_0106,987.6811,34.1828
2025-11-07,ATM_0108,1572.9841,45.15665
2025-11-07,ATM_0110,757.20355,29.737457
2025-11-07,ATM_0111,1388.4587,47.4109
2025-11-07,ATM_0112,621.3233,23.638527
2025-11-07,ATM_0113,1760.2015,55.290413
2025-11-07,ATM_0114,749.56104,23.44268
2025-11-07,ATM_0115,579.8641,24.203163
2025-11-07,ATM_0116,1119.9766,39.17457
2025-11-07,ATM_0118,998.9162,29.642279
2025-11-07,ATM_0119,688.9701,25.813107
2025-11-07,ATM_0120,914.3621,30.681988
2025-11-07,ATM_0121,1016.0748,35.33042
2025-11-07,ATM_0122,1676.2231,46.575855
2025-11-07,ATM_0123,887.79144,25.140944
2025-11-07,ATM_0124,1039.337,41.0602
2025-11-07,ATM_0125,1202.5931,45.839935
2025-11-07,ATM_0126,910.1302,37.301296
2025-11-07,ATM_0128,1245.2864,42.30212
2025-11-07,ATM_0130,968.82275,28.515192
2025-11-07,ATM_0131,610.23444,22.162569
2025-11-07,ATM_0132,1118.0432,29.842712
2025-11-07,ATM_0133,682.0408,27.29194
2025-11-07,ATM_0134,871.4402,24.827618
2025-11-07,ATM_0135,461.15198,21.03468
2025-11-07,ATM_0136,683.32916,27.458145
2025-11-07,ATM_0137,1297.9705,43.386776
2025-11-07,ATM_0138,483.89636,21.115278
2025-11-07,ATM_0140,1181.1069,39.316
2025-11-07,ATM_0141,1387.6427,44.709652
2025-11-07,ATM_0142,1222.4574,40.09431
2025-11-07,ATM_0143,1228.2043,38.82992
2025-11-07,ATM_0144,723.9554,25.10133
2025-11-07,ATM_0145,929.48303,33.8312
2025-11-07,ATM_0147,856.37366,33.910095
2025-11-07,ATM_0150,1014.8427,35.240517
2025-11-07,ATM_0151,1261.7444,40.568
2025-11-07,ATM_0152,1255.5062,41.332382
2025-11-07,ATM_0153,464.15878,21.061125
2025-11-07,ATM_0154,533.0434,20.53426
2025-11-07,ATM_0155,1128.9188,36.383705
2025-11-07,ATM_0156,1017.72363,36.034027
2025-11-07,ATM_0157,1279.2394,46.793594
2025-11-07,ATM_0158,1134.8436,31.597116
2025-11-07,ATM_0159,1002.25836,28.819174
2025-11-07,ATM_0160,851.96436,28.685461
2025-11-07,ATM_0162,1423.2181,46.97911
2025-11-07,ATM_0163,1368.1884,46.66245
2025-11-07,ATM_0164,1141.7648,35.096767
2025-11-07,ATM_0166,1241.746,45.596916
2025-11-07,ATM_0168,1045.765,33.93175
2025-11-07,ATM_0169,1409.9412,47.97835
2025-11-07,ATM_0170,752.54504,21.068926
2025-11-07,ATM_0172,1562.0398,47.12246
2025-11-07,ATM_0173,827.7462,30.16683
2025-11-07,ATM_0174,1073.8666,36.08463
2025-11-07,ATM_0175,996.12225,34.928936
2025-11-07,ATM_0176,1366.1151,39.584747
2025-11-07,ATM_0177,1128.6327,36.12135
2025-11-07,ATM_0178,597.8219,19.005066
2025-11-07,ATM_0179,1093.2377,27.4438
2025-11-07,ATM_0180,1499.8401,51.85023
2025-11-07,ATM_0182,757.7837,28.100239
2025-11-07,ATM_0183,1253.0509,43.480225
2025-11-07,ATM_0184,1182.1333,41.404446
2025-11-07,ATM_0185,651.19543,17.290535
2025-11-07,ATM_0186,772.71173,26.975426
2025-11-07,ATM_0187,930.65643,30.630463
2025-11-07,ATM_0188,843.349,27.9771
2025-11-07,ATM_0189,949.50793,33.710968
2025-11-07,ATM_0190,1165.5063,34.553104
2025-11-07,ATM_0191,1072.2206,38.788967
2025-11-07,ATM_0192,920.412,26.001604
2025-11-07,ATM_0194,1011.5547,36.142807
2025-11-07,ATM_0196,1153.8033,39.251953
2025-11-07,ATM_0198,1022.4006,34.000946
2025-11-07,ATM_0199,1369.2529,40.59206
2025-11-07,ATM_0200,854.3793,24.131075
2025-11-07,ATM_0202,1003.05566,29.295359
2025-11-07,ATM_0203,1188.6781,33.299637
2025-11-07,ATM_0206,801.02515,30.038322
2025-11-07,ATM_0207,908.90063,33.37237
2025-11-07,ATM_0208,1034.7524,26.162548
2025-11-07,ATM_0209,696.86993,19.441374
2025-11-07,ATM_0210,810.3821,26.844902
2025-11-07,ATM_0211,1077.6708,39.019184
2025-11-07,ATM_0212,738.2764,27.263268
2025-11-07,ATM_0213,1727.9974,56.049976
2025-11-07,ATM_0214,1401.6814,47.55119
2025-11-07,ATM_0215,877.0506,33.97484
2025-11-07,ATM_0216,815.36273,33.64225
2025-11-07,ATM_0217,822.1764,31.847618
2025-11-07,ATM_0218,872.7325,32.600315
2025-11-07,ATM_0219,630.9966,20.441425
2025-11-07,ATM_0220,1141.8329,36.043194
2025-11-07,ATM_0222,1065.0708,42.42954
2025-11-07,ATM_0223,1037.7533,41.93526
2025-11-07,ATM_0224,810.48535,23.688726
2025-11-07,ATM_0225,939.29913,32.774128
2025-11-07,ATM_0226,1044.329,41.523922
2025-11-07,ATM_0227,1037.1179,36.783695
2025-11-07,ATM_0228,1093.7789,37.00248
2025-11-07,ATM_0230,1280.3429,43.371243
2025-11-07,ATM_0231,826.3236,25.439672
2025-11-07,ATM_0233,1293.7703,38.014683
2025-11-07,ATM_0234,1171.1501,39.463078
2025-11-07,ATM_0235,1047.7579,30.065819
2025-11-07,ATM_0236,965.9022,29.7084
2025-11-07,ATM_0238,1615.4753,52.267227
2025-11-07,ATM_0239,1021.84,35.543667
2025-11-07,ATM_0240,808.7985,28.325523
2025-11-07,ATM_0241,1159.7314,39.882008
2025-11-07,ATM_0242,514.9448,23.996002
2025-11-07,ATM_0244,766.44727,27.761381
2025-11-07,ATM_0245,615.04486,19.324755
2025-11-07,ATM_0246,976.93176,33.542675
2025-11-07,ATM_0247,874.2219,27.15655
2025-11-07,ATM_0248,1191.8324,39.29984
2025-11-07,ATM_0250,1121.8575,39.392124
2025-11-07,ATM_NEW_0,918.936,32.409946
2025-11-07,ATM_NEW_1,705.01575,24.49662
2025-11-07,ATM_NEW_2,1029.6322,36.628315
2025-11-07,ATM_NEW_4,1259.2078,41.81375
2025-11-08,ATM_0004,1133.1589,38.171967
2025-11-08,ATM_0005,1355.1896,45.700184
2025-11-08,ATM_0006,705.02686,24.955256
2025-11-08,ATM_0007,953.1062,33.34896
2025-11-08,ATM_0009,1091.151,41.202835
2025-11-08,ATM_0010,1507.7402,49.655552
2025-11-08,ATM_0011,840.76294,27.730356
2025-11-08,ATM_0013,498.32553,19.509205
2025-11-08,ATM_0014,1583.4905,52.818123
2025-11-08,ATM_0015,633.82965,23.131907
2025-11-08,ATM_0018,986.92944,31.696209
2025-11-08,ATM_0019,1149.9288,36.379185
2025-11-08,ATM_0020,1070.1552,37.065094
2025-11-08,ATM_0021,1213.1315,42.93521
2025-11-08,ATM_0022,898.4968,29.472607
2025-11-08,ATM_0023,1043.1512,38.59348
2025-11-08,ATM_0025,701.7135,26.91258
2025-11-08,ATM_0027,1135.2559,41.135826
2025-11-08,ATM_0028,1220.9193,42.865273
2025-11-08,ATM_0029,1620.0326,42.242477
2025-11-08,ATM_0031,1047.4604,40.86969
2025-11-08,ATM_0032,1182.2015,33.985844
2025-11-08,ATM_0033,739.39545,27.204199
2025-11-08,ATM_0034,1099.6953,37.460995
2025-11-08,ATM_0035,935.4274,34.78441
2025-11-08,ATM_0036,671.5269,27.943342
2025-11-08,ATM_0038,1018.9149,30.259518
2025-11-08,ATM_0039,1037.6655,31.800905
2025-11-08,ATM_0040,543.27686,18.118313
2025-11-08,ATM_0041,1104.1884,34.354843
2025-11-08,ATM_0042,1425.0557,48.57219
2025-11-08,ATM_0043,1580.9825,55.381344
2025-11-08,ATM_0045,1033.779,35.77725
2025-11-08,ATM_0046,1379.2732,47.726246
2025-11-08,ATM_0047,881.7537,26.783283
2025-11-08,ATM_0048,897.8635,28.124907
2025-11-08,ATM_0049,1043.5128,30.727455
2025-11-08,ATM_0050,1008.6585,36.24586
2025-11-08,ATM_0051,860.80365,32.75418
2025-11-08,ATM_0052,664.888,20.366262
2025-11-08,ATM_0054,803.7328,27.647757
2025-11-08,ATM_0055,1060.097,36.249752
2025-11-08,ATM_0056,687.44226,25.24165
2025-11-08,ATM_0058,1194.9774,42.65094
2025-11-08,ATM_0059,870.2093,31.506594
2025-11-08,ATM_0060,843.8778,31.036077
2025-11-08,ATM_0061,987.559,32.791912
2025-11-08,ATM_0062,1366.6119,38.807907
2025-11-08,ATM_0063,1351.1932,49.34237
2025-11-08,ATM_0064,1035.3265,32.136547
2025-11-08,ATM_0065,1075.1903,37.194347
2025-11-08,ATM_0066,1347.73,42.87565
2025-11-08,ATM_0067,785.4001,23.958153
2025-11-08,ATM_0068,1011.0208,33.21632
2025-11-08,ATM_0069,1336.9828,46.965694
2025-11-08,ATM_0070,1128.4652,35.57905
2025-11-08,ATM_0074,659.6597,25.34362
2025-11-08,ATM_0075,795.68207,29.172062
2025-11-08,ATM_0076,819.4537,30.693495
2025-11-08,ATM_0077,1231.0452,41.960304
2025-11-08,ATM_0078,697.6084,22.497051
2025-11-08,ATM_0080,1188.4762,40.589703
2025-11-08,ATM_0081,737.9437,27.339056
2025-11-08,ATM_0083,658.7191,24.538824
2025-11-08,ATM_0084,1157.0076,32.90835
2025-11-08,ATM_0085,822.1811,27.994293
2025-11-08,ATM_0086,610.8582,19.44426
2025-11-08,ATM_0087,767.5554,26.974892
2025-11-08,ATM_0088,785.4695,30.399775
2025-11-08,ATM_0089,813.52045,24.434381
2025-11-08,ATM_0091,1109.1104,36.17106
2025-11-08,ATM_0092,675.1137,17.568266
2025-11-08,ATM_0093,1006.50543,32.225544
2025-11-08,ATM_0095,914.35645,33.67058
2025-11-08,ATM_0096,1359.6812,38.32815
2025-11-08,ATM_0097,1787.7565,58.41842
2025-11-08,ATM_0098,1340.5405,44.604782
2025-11-08,ATM_0099,1626.163,51.710537
2025-11-08,ATM_0100,973.5359,28.430342
2025-11-08,ATM_0101,978.7049,37.805054
2025-11-08,ATM_0102,668.65204,21.598255
2025-11-08,ATM_0103,478.6088,21.397635
2025-11-08,ATM_0104,1063.7682,36.8577
2025-11-08,ATM_0105,944.55164,31.892906
2025-11-08,ATM_0106,654.3106,25.938705
2025-11-08,ATM_0108,1162.622,35.941566
2025-11-08,ATM_0109,1189.8905,40.946957
2025-11-08,ATM_0110,823.2876,32.11171
2025-11-08,ATM_0111,1560.2565,48.55099
2025-11-08,ATM_0112,1086.1117,38.54972
2025-11-08,ATM_0113,1194.515,41.57912
2025-11-08,ATM_0114,508.36157,17.25557
2025-11-08,ATM_0115,931.38354,37.434612
2025-11-08,ATM_0116,772.6995,27.730856
2025-11-08,ATM_0118,755.5773,23.205647
2025-11-08,ATM_0119,675.2365,24.904284
2025-11-08,ATM_0120,772.1349,27.46483
2025-11-08,ATM_0121,1259.2444,41.920605
2025-11-08,ATM_0122,1522.2222,43.170044
2025-11-08,ATM_0123,1033.776,29.710318
2025-11-08,ATM_0124,1113.5869,42.875896
2025-11-08,ATM_0125,690.2725,28.448431
2025-11-08,ATM_0126,845.2753,32.610115
2025-11-08,ATM_0128,1243.1725,39.036583
2025-11-08,ATM_0130,1206.1176,34.437588
2025-11-08,ATM_0131,664.0617,24.162762
2025-11-08,ATM_0132,691.87537,20.97967
2025-11-08,ATM_0133,1060.9089,39.886383
2025-11-08,ATM_0134,915.10266,25.768522
2025-11-08,ATM_0136,682.4904,26.78898
2025-11-08,ATM_0137,1007.8149,37.67
2025-11-08,ATM_0138,810.4401,29.914515
2025-11-08,ATM_0139,1287.6405,39.80504
2025-11-08,ATM_0140,1359.55,46.431316
2025-11-08,ATM_0141,1015.7664,36.468124
2025-11-08,ATM_0142,975.3643,33.422688
2025-11-08,ATM_0144,721.21204,25.041061
2025-11-08,ATM_0145,1264.77,40.98752
2025-11-08,ATM_0147,919.52704,34.126293
2025-11-08,ATM_0149,723.6184,25.400833
2025-11-08,ATM_0150,1111.9199,38.95332
2025-11-08,ATM_0151,911.22266,31.324265
2025-11-08,ATM_0152,1214.7617,39.91952
2025-11-08,ATM_0153,431.72864,19.485918
2025-11-08,ATM_0154,899.4478,31.091202
2025-11-08,ATM_0155,928.777,31.329567
2025-11-08,ATM_0156,1073.1227,33.212894
2025-11-08,ATM_0156,1072.4944,33.45347
2025-11-08,ATM_0157,1505.3608,51.62274
2025-11-08,ATM_0158,887.9021,26.93132
2025-11-08,ATM_0159,826.97046,23.701668
2025-11-08,ATM_0160,1300.8284,36.93314
2025-11-08,ATM_0161,1040.4185,35.386757
2025-11-08,ATM_0162,1437.0459,46.497463
2025-11-08,ATM_0163,1019.2029,37.883118
2025-11-08,ATM_0164,1276.1748,38.29976
2025-11-08,ATM_0166,1176.3148,43.62229
2025-11-08,ATM_0169,1092.2161,37.03044
2025-11-08,ATM_0170,670.0732,18.52275
2025-11-08,ATM_0172,1768.6205,50.81891
2025-11-08,ATM_0173,796.0719,28.81675
2025-11-08,ATM_0174,1249.3763,40.96035
2025-11-08,ATM_0175,732.67725,25.894444
2025-11-08,ATM_0176,1080.6338,33.873077
2025-11-08,ATM_0177,908.54974,29.129591
2025-11-08,ATM_0178,910.18933,29.215708
2025-11-08,ATM_0179,1006.88354,25.615612
2025-11-08,ATM_0180,1084.8041,42.2265
2025-11-08,ATM_0182,757.5648,27.839537
2025-11-08,ATM_0183,1378.0653,48.031197
2025-11-08,ATM_0184,709.4895,26.327219
2025-11-08,ATM_0185,821.56506,21.141367
2025-11-08,ATM_0187,860.01953,28.067516
2025-11-08,ATM_0188,855.22034,27.354546
2025-11-08,ATM_0190,812.0556,27.912382
2025-11-08,ATM_0191,1402.6107,47.98308
2025-11-08,ATM_0193,987.1909,38.90003
2025-11-08,ATM_0196,629.2556,23.539305
2025-11-08,ATM_0197,1370.0582,46.24896
2025-11-08,ATM_0198,592.9015,22.772598
2025-11-08,ATM_0200,493.85562,16.150023
2025-11-08,ATM_0202,1147.2598,35.493237
2025-11-08,ATM_0203,877.9835,27.775223
2025-11-08,ATM_0206,1286.899,44.20731
2025-11-08,ATM_0207,854.1525,31.726845
2025-11-08,ATM_0208,1049.1346,25.88261
2025-11-08,ATM_0209,633.36945,17.970396
2025-11-08,ATM_0210,710.8931,25.34085
2025-11-08,ATM_0211,782.1964,30.254414
2025-11-08,ATM_0212,758.4548,26.327787
2025-11-08,ATM_0213,1157.755,43.595734
2025-11-08,ATM_0214,1123.5603,38.091267
2025-11-08,ATM_0215,1582.9609,54.64541
2025-11-08,ATM_0216,868.31036,34.027794
2025-11-08,ATM_0217,667.8437,26.507944
2025-11-08,ATM_0218,1124.504,39.51211
2025-11-08,ATM_0219,912.2298,26.943628
2025-11-08,ATM_0220,986.8272,32.92447
2025-11-08,ATM_0221,867.1637,30.231695
2025-11-08,ATM_0222,1268.6854,49.367355
2025-11-08,ATM_0224,940.7171,26.558516
2025-11-08,ATM_0225,814.9934,29.879066
2025-11-08,ATM_0227,1468.4025,50.895687
2025-11-08,ATM_0228,742.724,26.859943
2025-11-08,ATM_0230,1722.0946,54.5625
2025-11-08,ATM_0231,1248.4108,35.830273
2025-11-08,ATM_0233,936.5667,30.284353
2025-11-08,ATM_0234,1514.617,48.27741
2025-11-08,ATM_0235,567.2358,17.944016
2025-11-08,ATM_0236,1041.8263,32.56519
2025-11-08,ATM_0238,1557.8158,51.03508
2025-11-08,ATM_0239,1398.7896,44.87791
2025-11-08,ATM_0240,792.7638,28.535748
2025-11-08,ATM_0241,1497.8062,51.078396
2025-11-08,ATM_0242,1376.9222,51.37787
2025-11-08,ATM_0243,1046.6113,30.727425
2025-11-08,ATM_0244,922.67834,32.358784
2025-11-08,ATM_0245,890.8613,26.421032
2025-11-08,ATM_0246,703.27405,24.115782
2025-11-08,ATM_0248,823.8093,30.724915
2025-11-08,ATM_0250,1289.5499,45.418694
2025-11-08,ATM_NEW_0,1164.2043,40.32053
2025-11-08,ATM_NEW_1,970.0421,32.477062
2025-11-08,ATM_NEW_2,846.225,31.85632
2025-11-08,ATM_NEW_3,914.0601,34.679325
2025-11-08,ATM_NEW_4,1584.96,52.783615
2025-11-09,ATM_0004,1246.1056,41.2534
2025-11-09,ATM_0005,936.64185,34.741177
2025-11-09,ATM_0006,737.0123,25.49303
2025-11-09,ATM_0007,827.2911,30.882221
2025-11-09,ATM_0009,1009.44794,39.967636
2025-11-09,ATM_0010,1544.7811,49.91197
2025-11-09,ATM_0011,593.418,21.3622
2025-11-09,ATM_0013,589.33777,22.399942
2025-11-09,ATM_0014,1080.8716,39.006718
2025-11-09,ATM_0015,907.0763,29.897205
2025-11-09,ATM_0016,845.5829,27.528532
2025-11-09,ATM_0018,874.4419,33.174934
2025-11-09,ATM_0019,1122.5039,34.95047
2025-11-09,ATM_0020,934.9266,34.845753
2025-11-09,ATM_0021,1403.2065,45.567387
2025-11-09,ATM_0022,1090.3524,34.617058
2025-11-09,ATM_0023,1042.1783,38.551872
2025-11-09,ATM_0027,956.6806,35.455315
2025-11-09,ATM_0028,1684.3033,56.961014
2025-11-09,ATM_0029,705.8181,23.400967
2025-11-09,ATM_0031,922.26263,36.965477
2025-11-09,ATM_0032,745.6085,23.905684
2025-11-09,ATM_0033,809.3957,27.976645
2025-11-09,ATM_0034,787.122,30.158836
2025-11-09,ATM_0035,1033.6621,38.071762
2025-11-09,ATM_0036,1118.5726,43.75876
2025-11-09,ATM_0037,552.4346,17.804712
2025-11-09,ATM_0038,893.98615,28.823483
2025-11-09,ATM_0039,1113.7725,32.574913
2025-11-09,ATM_0040,829.7902,25.038347
2025-11-09,ATM_0041,545.6909,18.024843
2025-11-09,ATM_0042,1357.931,44.34533
2025-11-09,ATM_0043,1242.0642,43.89054
2025-11-09,ATM_0045,779.92163,31.518755
2025-11-09,ATM_0046,1362.4479,48.361305
2025-11-09,ATM_0047,737.1925,22.54136
2025-11-09,ATM_0048,810.1728,25.817244
2025-11-09,ATM_0049,938.6555,27.994923
2025-11-09,ATM_0050,1007.25226,38.123844
2025-11-09,ATM_0051,605.6085,22.915304
2025-11-09,ATM_0052,768.6806,22.656944
2025-11-09,ATM_0054,987.6099,31.503748
2025-11-09,ATM_0055,881.1549,29.42154
2025-11-09,ATM_0056,768.6391,28.051693
2025-11-09,ATM_0058,1452.8583,46.002403
2025-11-09,ATM_0059,1065.7029,38.40537
2025-11-09,ATM_0060,1112.6631,38.694767
2025-11-09,ATM_0061,1196.8654,38.76308
2025-11-09,ATM_0062,736.72485,23.439411
2025-11-09,ATM_0063,888.48,35.701393
2025-11-09,ATM_0064,1061.9161,32.789608
2025-11-09,ATM_0065,926.9278,32.749825
2025-11-09,ATM_0066,854.9672,29.389578
2025-11-09,ATM_0067,633.7171,19.592888
2025-11-09,ATM_0068,575.29095,21.592896
2025-11-09,ATM_0069,1467.0292,47.28978
2025-11-09,ATM_0070,770.7327,25.77008
2025-11-09,ATM_0074,637.10223,24.361065
2025-11-09,ATM_0075,883.4905,31.201138
2025-11-09,ATM_0076,1116.4867,38.36881
2025-11-09,ATM_0077,1241.8899,45.141685
2025-11-09,ATM_0078,695.4896,21.491652
2025-11-09,ATM_0080,1487.7444,47.380344
2025-11-09,ATM_0081,973.63025,36.238003
2025-11-09,ATM_0082,858.4755,31.982729
2025-11-09,ATM_0083,686.5037,25.472591
2025-11-09,ATM_0084,748.659,24.399858
2025-11-09,ATM_0085,732.84375,25.76671
2025-11-09,ATM_0086,820.83545,23.59268
2025-11-09,ATM_0087,747.9612,26.599348
2025-11-09,ATM_0088,702.3666,26.309622
2025-11-09,ATM_0089,803.50183,23.324997
2025-11-09,ATM_0090,657.60767,26.164225
2025-11-09,ATM_0091,689.9641,24.214113
2025-11-09,ATM_0092,357.2916,12.009121
2025-11-09,ATM_0093,942.11914,30.36078
2025-11-09,ATM_0095,1152.6987,39.60086
2025-11-09,ATM_0096,1082.8275,31.71582
2025-11-09,ATM_0097,1676.811,58.380493
2025-11-09,ATM_0098,1103.3291,39.07008
2025-11-09,ATM_0099,1542.2284,49.121124
2025-11-09,ATM_0101,905.7895,37.396584
2025-11-09,ATM_0102,908.8373,26.69078
2025-11-09,ATM_0103,593.6689,23.746864
2025-11-09,ATM_0104,902.4881,32.665184
2025-11-09,ATM_0105,941.4304,32.659847
2025-11-09,ATM_0108,1133.0377,35.902576
2025-11-09,ATM_0109,901.27704,32.16088
2025-11-09,ATM_0110,1154.7673,41.999687
2025-11-09,ATM_0111,1364.5964,48.55769
2025-11-09,ATM_0112,1062.7872,34.44762
2025-11-09,ATM_0113,1233.5374,44.324177
2025-11-09,ATM_0114,743.61646,23.413961
2025-11-09,ATM_0115,878.3566,34.36151
2025-11-09,ATM_0116,1101.5996,38.44097
2025-11-09,ATM_0118,1071.2292,30.922724
2025-11-09,ATM_0119,599.27905,24.210375
2025-11-09,ATM_0120,586.2447,22.33145
2025-11-09,ATM_0121,932.67377,33.116554
2025-11-09,ATM_0122,1234.085,37.57212
2025-11-09,ATM_0123,795.86255,24.85467
2025-11-09,ATM_0124,1026.6736,37.127487
2025-11-09,ATM_0125,727.059,30.303028
2025-11-09,ATM_0126,1285.7751,44.74068
2025-11-09,ATM_0130,986.23956,30.768398
2025-11-09,ATM_0131,426.93115,17.437304
2025-11-09,ATM_0132,864.62524,25.655798
2025-11-09,ATM_0133,841.71796,30.76034
2025-11-09,ATM_0134,642.9078,20.131504
2025-11-09,ATM_0135,765.1927,29.495079
2025-11-09,ATM_0136,1077.2572,38.678207
2025-11-09,ATM_0137,1269.2831,44.64778
2025-11-09,ATM_0138,635.66766,25.005503
2025-11-09,ATM_0139,837.21655,30.44657
2025-11-09,ATM_0140,1064.0764,36.407063
2025-11-09,ATM_0141,1027.276,36.67699
2025-11-09,ATM_0142,896.1422,32.406754
2025-11-09,ATM_0143,1030.832,31.801867
2025-11-09,ATM_0144,744.0583,26.149508
2025-11-09,ATM_0145,698.6579,27.200783
2025-11-09,ATM_0147,849.4594,32.719624
2025-11-09,ATM_0149,1071.4794,36.418125
2025-11-09,ATM_0150,880.0308,31.313568
2025-11-09,ATM_0151,917.582,31.798042
2025-11-09,ATM_0152,1059.0881,37.08315
2025-11-09,ATM_0153,715.7807,25.281345
2025-11-09,ATM_0154,1286.004,41.250065
2025-11-09,ATM_0155,645.00305,22.764727
2025-11-09,ATM_0156,723.97955,26.208334
2025-11-09,ATM_0157,829.9657,33.22531
2025-11-09,ATM_0158,893.73737,28.083641
2025-11-09,ATM_0159,1066.0035,30.330088
2025-11-09,ATM_0160,909.0751,28.783215
2025-11-09,ATM_0161,756.694,25.860737
2025-11-09,ATM_0162,1399.8085,45.9052
2025-11-09,ATM_0163,991.3098,35.776485
2025-11-09,ATM_0164,893.84576,27.279518
2025-11-09,ATM_0168,1105.9473,35.411526
2025-11-09,ATM_0169,1209.2489,42.2604
2025-11-09,ATM_0170,505.4565,15.409777
2025-11-09,ATM_0172,990.1375,34.5334
2025-11-09,ATM_0173,686.0757,25.958025
2025-11-09,ATM_0174,590.9092,22.828548
2025-11-09,ATM_0175,1014.8321,33.752438
2025-11-09,ATM_0176,874.8114,29.499516
2025-11-09,ATM_0177,1243.6348,37.603786
2025-11-09,ATM_0178,808.0243,25.288847
2025-11-09,ATM_0179,1197.1145,31.666187
2025-11-09,ATM_0180,783.7949,33.62288
2025-11-09,ATM_0182,768.37494,27.313757
2025-11-09,ATM_0183,969.3311,36.326347
2025-11-09,ATM_0184,820.2161,31.324797
2025-11-09,ATM_0185,562.70807,16.205723
2025-11-09,ATM_0186,548.8839,20.574272
2025-11-09,ATM_0188,992.5058,29.254902
2025-11-09,ATM_0189,699.4407,25.979893
2025-11-09,ATM_0191,1197.6761,43.099293
2025-11-09,ATM_0192,854.6061,24.797485
2025-11-09,ATM_0193,1269.2522,47.209137
2025-11-09,ATM_0194,1233.6293,40.467384
2025-11-09,ATM_0197,1312.7064,44.82417
2025-11-09,ATM_0198,643.24835,23.758785
2025-11-09,ATM_0199,933.77716,27.110838
2025-11-09,ATM_0200,761.4483,22.18702
2025-11-09,ATM_0202,883.37115,28.693523
2025-11-09,ATM_0203,674.7466,21.750753
2025-11-09,ATM_0206,1144.798,41.266354
2025-11-09,ATM_0207,483.54596,20.569452
2025-11-09,ATM_0208,860.9586,21.94319
2025-11-09,ATM_0209,1092.0972,25.250967
2025-11-09,ATM_0210,578.86615,22.018312
2025-11-09,ATM_0211,629.7703,23.930754
2025-11-09,ATM_0212,744.9598,27.754429
2025-11-09,ATM_0213,1336.8743,47.35712
2025-11-09,ATM_0214,1267.1914,46.17442
2025-11-09,ATM_0215,865.1781,33.68787
2025-11-09,ATM_0216,906.0792,34.443497
2025-11-09,ATM_0218,709.9945,27.908577
2025-11-09,ATM_0219,1157.0695,31.423517
2025-11-09,ATM_0220,552.39655,21.022253
2025-11-09,ATM_0221,725.4704,24.368195
2025-11-09,ATM_0222,1108.0109,41.463387
2025-11-09,ATM_0223,1239.4495,44.587334
2025-11-09,ATM_0224,805.9184,23.36289
2025-11-09,ATM_0225,636.1618,24.264774
2025-11-09,ATM_0226,1037.9731,38.832695
2025-11-09,ATM_0227,1309.51,44.987732
2025-11-09,ATM_0228,928.0603,32.265423
2025-11-09,ATM_0230,1474.2999,49.70809
2025-11-09,ATM_0231,863.4674,26.359053
2025-11-09,ATM_0233,701.5249,23.192497
2025-11-09,ATM_0234,1383.9865,45.774597
2025-11-09,ATM_0235,775.8381,23.73729
2025-11-09,ATM_0236,927.6471,29.362057
2025-11-09,ATM_0238,1296.0096,46.860928
2025-11-09,ATM_0239,1433.6063,49.288208
2025-11-09,ATM_0240,860.1493,31.598656
2025-11-09,ATM_0241,1020.17773,38.31408
2025-11-09,ATM_0242,1033.0864,43.229374
2025-11-09,ATM_0243,941.6232,30.375004
2025-11-09,ATM_0244,1290.8441,43.65818
2025-11-09,ATM_0245,835.3146,25.027468
2025-11-09,ATM_0246,870.38666,31.132147
2025-11-09,ATM_0247,1027.328,29.298775
2025-11-09,ATM_0248,1056.5391,35.97862
2025-11-09,ATM_0250,1152.5629,41.5461
2025-11-09,ATM_NEW_0,798.89325,28.667328
2025-11-09,ATM_NEW_1,790.1965,27.826641
2025-11-09,ATM_NEW_2,864.1305,31.854683
2025-11-09,ATM_NEW_3,924.21326,34.2542
2025-11-09,ATM_NEW_4,933.2937,35.677746
2025-11-10,ATM_0005,959.7868,33.849308
2025-11-10,ATM_0006,997.24164,34.22807
2025-11-10,ATM_0007,997.24066,35.391537
2025-11-10,ATM_0009,1146.3015,42.988003
2025-11-10,ATM_0010,1349.335,45.32157
2025-11-10,ATM_0011,755.55457,26.319532
2025-11-10,ATM_0013,734.6958,25.575525
2025-11-10,ATM_0014,1494.1144,47.63299
2025-11-10,ATM_0015,729.6831,24.950226
2025-11-10,ATM_0016,687.0278,23.882933
2025-11-10,ATM_0020,598.09235,24.167122
2025-11-10,ATM_0021,1159.5742,38.180923
2025-11-10,ATM_0022,1246.0955,35.987137
2025-11-10,ATM_0023,989.5564,38.396397
2025-11-10,ATM_0025,931.62317,32.266716
2025-11-10,ATM_0028,1196.283,41.35852
2025-11-10,ATM_0029,731.981,24.435764
2025-11-10,ATM_0031,1034.5831,41.398582
2025-11-10,ATM_0032,989.1059,30.728128
2025-11-10,ATM_0033,768.75214,27.642975
2025-11-10,ATM_0034,1113.1002,39.709507
2025-11-10,ATM_0035,1011.9652,37.037388
2025-11-10,ATM_0036,1055.5103,41.13459
2025-11-10,ATM_0037,738.0107,21.464565
2025-11-10,ATM_0038,1167.1072,36.027565
2025-11-10,ATM_0039,988.0791,29.17791
2025-11-10,ATM_0040,874.34174,25.21101
2025-11-10,ATM_0041,863.52795,28.739336
2025-11-10,ATM_0042,1022.4484,37.591278
2025-11-10,ATM_0043,1317.0856,45.053738
2025-11-10,ATM_0045,1333.3689,41.033985
2025-11-10,ATM_0046,1211.1108,42.85977
2025-11-10,ATM_0047,739.96655,21.654066
2025-11-10,ATM_0048,911.71564,27.703798
2025-11-10,ATM_0049,873.8815,26.53488
2025-11-10,ATM_0050,1441.6001,49.23069
2025-11-10,ATM_0051,702.3102,25.596817
2025-11-10,ATM_0052,845.20874,23.911259
2025-11-10,ATM_0054,977.8676,31.666788
2025-11-10,ATM_0055,895.2199,28.942978
2025-11-10,ATM_0056,879.76917,30.973644
2025-11-10,ATM_0058,1562.341,49.02169
2025-11-10,ATM_0059,906.807,32.401783
2025-11-10,ATM_0060,1098.8806,36.857174
2025-11-10,ATM_0061,1031.7417,35.3506
2025-11-10,ATM_0062,1122.4048,31.966597
2025-11-10,ATM_0063,850.4251,34.026707
2025-11-10,ATM_0064,940.6461,29.523506
2025-11-10,ATM_0065,967.3736,33.600258
2025-11-10,ATM_0066,695.25653,24.018032
2025-11-10,ATM_0067,708.0454,22.878351
2025-11-10,ATM_0068,1037.722,33.915066
2025-11-10,ATM_0069,1216.0377,41.11339
2025-11-10,ATM_0070,1377.9785,41.98437
2025-11-10,ATM_0074,1198.5436,40.486813
2025-11-10,ATM_0075,1062.34,36.110126
2025-11-10,ATM_0076,1237.2911,42.727615
2025-11-10,ATM_0077,1120.5481,36.361134
2025-11-10,ATM_0078,940.5101,29.155787
2025-11-10,ATM_0080,1115.9587,39.419437
2025-11-10,ATM_0081,876.5299,30.671
2025-11-10,ATM_0082,603.1465,22.142588
2025-11-10,ATM_0083,682.43726,24.162779
2025-11-10,ATM_0084,1005.69385,30.481308
2025-11-10,ATM_0085,1105.3773,37.31021
2025-11-10,ATM_0086,1120.8685,31.322483
2025-11-10,ATM_0088,1015.67914,37.064804
2025-11-10,ATM_0089,1010.0475,30.290665
2025-11-10,ATM_0090,902.6484,32.55876
2025-11-10,ATM_0091,798.47076,27.271955
2025-11-10,ATM_0092,832.5313,22.315584
2025-11-10,ATM_0093,944.6215,32.03824
2025-11-10,ATM_0095,862.0205,32.012924
2025-11-10,ATM_0096,1176.2946,34.626503
2025-11-10,ATM_0097,1351.5634,49.29015
2025-11-10,ATM_0098,855.7615,32.52946
2025-11-10,ATM_0099,1641.2052,51.971004
2025-11-10,ATM_0100,1224.8486,33.421036
2025-11-10,ATM_0101,1163.7899,40.085854
2025-11-10,ATM_0102,772.3989,23.202501
2025-11-10,ATM_0103,672.8192,24.78723
2025-11-10,ATM_0104,1271.8861,43.74873
2025-11-10,ATM_0105,975.3606,32.84041
2025-11-10,ATM_0106,732.3491,28.223001
2025-11-10,ATM_0108,1664.9294,50.45938
2025-11-10,ATM_0109,841.2624,32.165047
2025-11-10,ATM_0110,1133.7875,43.293037
2025-11-10,ATM_0111,840.903,30.032091
2025-11-10,ATM_0112,971.54395,32.1555
2025-11-10,ATM_0113,952.51495,35.134525
2025-11-10,ATM_0114,664.7118,20.234674
2025-11-10,ATM_0115,830.0093,33.123127
2025-11-10,ATM_0116,1159.2218,37.098625
2025-11-10,ATM_0118,748.13727,22.409563
2025-11-10,ATM_0119,731.58093,27.674911
2025-11-10,ATM_0120,598.49445,21.919466
2025-11-10,ATM_0121,1435.1204,44.106205
2025-11-10,ATM_0121,1471.481,44.318268
2025-11-10,ATM_0122,1541.3096,47.263077
2025-11-10,ATM_0123,930.5392,25.793322
2025-11-10,ATM_0124,1236.9812,47.12486
2025-11-10,ATM_0126,1164.7518,42.945477
2025-11-10,ATM_0128,1077.7401,37.224056
2025-11-10,ATM_0130,983.7834,30.641806
2025-11-10,ATM_0131,922.8061,30.674118
2025-11-10,ATM_0132,493.57962,16.274187
2025-11-10,ATM_0133,633.50555,25.90879
2025-11-10,ATM_0134,710.45337,21.410225
2025-11-10,ATM_0135,728.1263,28.24525
2025-11-10,ATM_0136,556.3036,23.257792
2025-11-10,ATM_0139,1133.1389,37.26204
2025-11-10,ATM_0141,1029.3969,33.09874
2025-11-10,ATM_0142,963.4419,32.40266
2025-11-10,ATM_0143,1138.3479,35.71156
2025-11-10,ATM_0144,759.8605,25.928186
2025-11-10,ATM_0145,1118.9342,39.80712
2025-11-10,ATM_0147,673.79865,26.748251
2025-11-10,ATM_0149,810.9138,27.848663
2025-11-10,ATM_0150,866.2315,30.99543
2025-11-10,ATM_0152,942.96545,31.173641
2025-11-10,ATM_0153,567.37616,23.277319
2025-11-10,ATM_0154,785.93085,28.362646
2025-11-10,ATM_0155,850.676,28.660488
2025-11-10,ATM_0156,675.59454,24.046877
2025-11-10,ATM_0157,731.25964,27.983553
2025-11-10,ATM_0158,938.436,28.94317
2025-11-10,ATM_0159,671.3236,20.243364
2025-11-10,ATM_0160,771.94324,24.875162
2025-11-10,ATM_0161,1082.0345,35.990673
2025-11-10,ATM_0162,1184.5012,41.131306
2025-11-10,ATM_0163,1217.554,43.96666
2025-11-10,ATM_0164,1354.2852,38.00543
2025-11-10,ATM_0166,1021.2749,39.651836
2025-11-10,ATM_0168,1170.3612,35.460197
2025-11-10,ATM_0169,933.78253,32.274593
2025-11-10,ATM_0170,890.46375,23.200302
2025-11-10,ATM_0172,1488.3792,47.1261
2025-11-10,ATM_0173,868.2801,31.217825
2025-11-10,ATM_0174,1056.4054,36.498688
2025-11-10,ATM_0175,653.58826,23.73601
2025-11-10,ATM_0176,861.7658,27.219563
2025-11-10,ATM_0177,1232.1312,36.559944
2025-11-10,ATM_0178,733.2323,24.031326
2025-11-10,ATM_0179,1166.0382,32.07857
2025-11-10,ATM_0180,1117.0874,40.892735
2025-11-10,ATM_0182,932.23975,33.63687
2025-11-10,ATM_0183,1323.7905,46.58843
2025-11-10,ATM_0184,731.93066,28.04924
2025-11-10,ATM_0185,577.5062,15.906227
2025-11-10,ATM_0186,754.96497,27.04716
2025-11-10,ATM_0187,870.46106,29.224527
2025-11-10,ATM_0188,735.5291,23.30943
2025-11-10,ATM_0189,982.66125,34.1542
2025-11-10,ATM_0190,1523.0504,46.094925
2025-11-10,ATM_0191,1426.4075,48.77441
2025-11-10,ATM_0192,640.82605,19.46985
2025-11-10,ATM_0194,1219.7627,40.59941
2025-11-10,ATM_0196,1224.619,40.088852
2025-11-10,ATM_0197,1221.1058,40.779346
2025-11-10,ATM_0198,1101.7106,37.59735
2025-11-10,ATM_0199,841.93823,26.814865
2025-11-10,ATM_0200,586.16876,18.778643
2025-11-10,ATM_0202,1147.9696,34.168568
2025-11-10,ATM_0203,892.841,27.558666
2025-11-10,ATM_0206,1001.651,35.271706
2025-11-10,ATM_0207,994.27344,35.74278
2025-11-10,ATM_0208,505.87714,14.391258
2025-11-10,ATM_0209,763.5573,19.330626
2025-11-10,ATM_0210,961.3279,33.295525
2025-11-10,ATM_0211,705.3848,28.166983
2025-11-10,ATM_0213,1117.4548,38.246548
2025-11-10,ATM_0214,1381.6229,47.477947
2025-11-10,ATM_0215,1011.0459,37.879566
2025-11-10,ATM_0216,705.48486,29.371382
2025-11-10,ATM_0217,984.1535,38.687244
2025-11-10,ATM_0218,786.3663,29.009909
2025-11-10,ATM_0219,726.1833,22.325226
2025-11-10,ATM_0220,547.3678,21.14191
2025-11-10,ATM_0221,966.9115,33.50465
2025-11-10,ATM_0222,1045.6123,40.374435
2025-11-10,ATM_0224,990.11487,26.773415
2025-11-10,ATM_0225,572.83105,22.080866
2025-11-10,ATM_0226,1007.6576,37.956913
2025-11-10,ATM_0227,1485.5475,53.554573
2025-11-10,ATM_0230,1453.5587,49.6628
2025-11-10,ATM_0231,1172.4436,36.584766
2025-11-10,ATM_0233,1118.3906,35.475815
2025-11-10,ATM_0234,1090.872,38.313442
2025-11-10,ATM_0235,647.2213,20.46941
2025-11-10,ATM_0236,1169.3752,34.9174
2025-11-10,ATM_0238,1415.7545,51.840755
2025-11-10,ATM_0239,1299.2767,43.4179
2025-11-10,ATM_0240,669.0401,24.92597
2025-11-10,ATM_0241,1189.2688,41.315388
2025-11-10,ATM_0242,1356.4098,49.65153
2025-11-10,ATM_0242,1366.8591,50.186695
2025-11-10,ATM_0243,762.74365,25.086523
2025-11-10,ATM_0244,790.28326,26.670883
2025-11-10,ATM_0245,688.0222,20.954636
2025-11-10,ATM_0247,828.52783,25.361572
2025-11-10,ATM_0248,1234.4554,43.307583
2025-11-10,ATM_0250,1350.974,44.676937
2025-11-10,ATM_NEW_0,554.0065,20.615622
2025-11-10,ATM_NEW_1,975.62695,32.240276
2025-11-10,ATM_NEW_2,607.8608,22.885319
2025-11-10,ATM_NEW_3,794.9921,31.11872
2025-11-10,ATM_NEW_4,1194.796,42.18473
